ID,Name,Barcode,"Is Available?","Purchase price","Sale price","Available Quantity","Purchase Unit","Sale Unit"
1001,"Mr. Laverne Ryan",63441617,1,0.00,5733.00,1000.00,Unit,Unit
1002,"Mavis Sporer",30,1,,2598.00,1000.00,G,G
1003,"Estevan Hahn",8114961,1,,1421.00,1000.00,Unit,Unit
1004,"Dr. Lauren Goodwin",12,1,,7940.00,1000.00,G,G
1005,"Merle Rogahn",745,1,,6347.00,1000.00,G,G
1006,"Halie Runolfsson",69368322,1,,6636.00,1000.00,G,G
1007,"Terrill Johns",79703243,1,,124.00,1000.00,G,G
1008,"Emelia Legros",8943242,1,,1806.00,1000.00,G,G
1009,"Cheyanne Bednar",1246863,1,,7904.00,1000.00,G,G
1010,"Tiffany Schamberger",3506696,1,,3745.00,1000.00,G,G
1011,"Emily Crona",35,1,,1137.00,1000.00,G,G
1012,"Melba Rohan DVM",4636589,1,,4714.00,1000.00,G,G
1013,"Mrs. Lizeth Goodwin MD",8,1,,8721.00,1000.00,G,G
1014,"Dr. Chaim Johnson III",414795624,1,,436.00,1000.00,G,G
1015,"Zella Dach",9,1,,9343.00,1000.00,G,G
1016,"Jay Runolfsson",425117063,1,,2556.00,1000.00,G,G
1017,"Jackie Volkman",7155,1,,5248.00,1000.00,G,G
1018,"Ms. Lulu Hahn",5299630,1,,6724.00,1000.00,G,G
1019,"Hilma Gibson",112755976,1,,2455.00,1000.00,G,G
1020,"Prof. Spencer Christiansen",541864286,1,,759.00,1000.00,G,G
1021,"Terrell Strosin",193867,1,,2392.00,1000.00,G,G
1022,"Enid Kuhn",538735464,1,,7877.00,1000.00,G,G
1023,"Dr. Nikko Schaden IV",84789,1,,4006.00,1000.00,G,G
1024,"Norbert Bogisich",7419298,1,,5812.00,1000.00,G,G
1025,"Treva Fahey",5522482,1,,3180.00,1000.00,G,G
1026,"Carlee Hoeger",8081463,1,,7113.00,1000.00,G,G
1027,"Miss Vivian Okuneva",2509455,1,,3866.00,1000.00,G,G
1028,"Percy Emard",1,1,,2357.00,1000.00,G,G
1029,"Ms. Hope Rau",622,1,,4785.00,1000.00,G,G
1030,"Herminio Gulgowski",47816,1,,8089.00,1000.00,G,G
1031,"Prof. Dovie Jast II",27,1,,699.00,1000.00,G,G
1032,"Alverta Champlin",78,1,,2322.00,1000.00,G,G
1033,"Harold Wyman PhD",7494280,1,,7446.00,1000.00,G,G
1034,"Bernice Maggio",10214,1,,1877.00,1000.00,G,G
1035,"Devyn Cole",412913,1,,3157.00,1000.00,G,G
1036,"Lavern Borer",0,1,,8221.00,1000.00,G,G
1037,"Taryn Hansen",87098215,1,,6349.00,1000.00,G,G
1038,"Cyril Schaefer",832833,1,,6554.00,1000.00,G,G
1039,"Audra Steuber",3310,1,,6752.00,1000.00,G,G
1040,"Kristopher Lang III",85317176,1,,1448.00,1000.00,G,G
1041,"Ms. Jalyn Eichmann",6201,1,,9987.00,1000.00,G,G
1042,"Dr. Sonya Veum DDS",8,1,,1902.00,1000.00,G,G
1043,"Prof. Claud Mills",9,1,,9775.00,1000.00,G,G
1044,"Mitchell Kuphal",4,1,,5607.00,1000.00,G,G
1045,"Una Satterfield",36272,1,,2458.00,1000.00,G,G
1046,"Graham Luettgen",9,1,,9306.00,1000.00,G,G
1047,"Kiarra Dickens",52544506,1,,5637.00,1000.00,G,G
1048,"Prof. Clifford Cummings",7841535,1,,460.00,1000.00,G,G
1049,"Enrico Waters",2,1,,5619.00,1000.00,G,G
1050,"Elvis Pollich",502,1,,6251.00,1000.00,G,G
1051,"Mr. Cody Torphy",614767652,1,,4580.00,1000.00,G,G
1052,"Miss Candace Bailey Jr.",557,1,,6925.00,1000.00,G,G
1053,"Tyrese Bauch",1468894,1,,3055.00,1000.00,G,G
1054,"Walker Stark III",62853,1,,4770.00,1000.00,G,G
1055,"Mr. Deron Stoltenberg Jr.",28359,1,,4387.00,1000.00,G,G
1056,"Alison Towne",232,1,,1863.00,1000.00,G,G
1057,"Alexandrea Brakus DDS",91088257,1,,3636.00,1000.00,G,G
1058,"Olin Windler",245,1,,3109.00,1000.00,G,G
1059,"Asia Streich",43480923,1,,9494.00,1000.00,G,G
1060,"Dedrick Dickens",119132893,1,,4466.00,1000.00,G,G
1061,"Jaylen Corwin",5474839,1,,256.00,1000.00,G,G
1062,"Catharine Kilback IV",563996,1,,4491.00,1000.00,G,G
1063,"Isac O'Reilly",99619803,1,,3522.00,1000.00,G,G
1064,"Mr. Gilbert Turner IV",12037,1,,5391.00,1000.00,G,G
1065,"Prof. Hudson Collier Sr.",1,1,,3401.00,1000.00,G,G
1066,"Joany Pouros",179351,1,,9151.00,1000.00,G,G
1067,"Prof. Maynard Herzog",8660,1,,5546.00,1000.00,G,G
1068,"Liam Cartwright",4611,1,,6861.00,1000.00,G,G
1069,"Prof. Dena Bahringer V",22465,1,,6516.00,1000.00,G,G
1070,"Prof. Therese Larson Jr.",315335,1,,6477.00,1000.00,G,G
1071,"Dr. Joey Weber I",37477068,1,,638.00,1000.00,G,G
1072,"Ms. Dana Pouros",64,1,,2377.00,1000.00,G,G
1073,"Miss April Kihn",2,1,,2715.00,1000.00,G,G
1074,"Jaden Wyman",30541,1,,5185.00,1000.00,G,G
1075,"Johnathan Berge Jr.",6730957,1,,9210.00,1000.00,G,G
1076,"Bobbie Langosh",6799853,1,,3393.00,1000.00,G,G
1077,"Dr. Mabelle Tremblay",366935832,1,,1531.00,1000.00,G,G
1078,"Edmond Satterfield",5,1,,826.00,1000.00,G,G
1079,"Monroe Dietrich",58286328,1,,642.00,1000.00,G,G
1080,"Chauncey Dibbert",250044,1,,450.00,1000.00,G,G
1081,"Queen Reilly",46925,1,,2451.00,1000.00,G,G
1082,"Edgardo Hermiston",2,1,,4435.00,1000.00,G,G
1083,"Muriel Pfeffer",866638,1,,9263.00,1000.00,G,G
1084,"Fred Lindgren",309035600,1,,2189.00,1000.00,G,G
1085,"Mr. Devin Cartwright DDS",252990496,1,,3881.00,1000.00,G,G
1086,"Adolf Bergnaum",42465,1,,2373.00,1000.00,G,G
1087,"Matt Skiles",6051607,1,,7833.00,1000.00,G,G
1088,"Mrs. Tyra Hoppe",15,1,,9187.00,1000.00,G,G
1089,"Miss Kenyatta Littel",916,1,,807.00,1000.00,G,G
1090,"Dr. Enos Erdman",9841,1,,4228.00,1000.00,G,G
1091,"Marty Predovic",68576484,1,,8606.00,1000.00,G,G
1092,"Joe Koss",707,1,,9043.00,1000.00,G,G
1093,"Gardner Schroeder",376680480,1,,8123.00,1000.00,G,G
1094,"Edwina Mills",2,1,,3196.00,1000.00,G,G
1095,"Corbin Rodriguez",613181250,1,,9531.00,1000.00,G,G
1096,"Adella Parker",6,1,,3806.00,1000.00,G,G
1097,"Eino Abernathy",19450,1,,6878.00,1000.00,G,G
1098,"Dr. Brittany Kassulke",9690,1,,7270.00,1000.00,G,G
1099,"Vada Botsford",52,1,,5924.00,1000.00,G,G
1100,"Marilou Marvin",40,1,,7991.00,1000.00,G,G
1101,"Holden Hackett",4016547,1,,8911.00,1000.00,G,G
1102,"Norris Hartmann MD",24,1,,7225.00,1000.00,G,G
1103,"Tate Satterfield",114167241,1,,4080.00,1000.00,G,G
1104,"Dolores Russel",3,1,,1713.00,1000.00,G,G
1105,"Emil Crist",277,1,,4572.00,1000.00,G,G
1106,"Valentine Schimmel IV",17,1,,9140.00,1000.00,G,G
1107,"Einar Deckow Sr.",57202,1,,8805.00,1000.00,G,G
1108,"Prof. Nathen Dach",342626,1,,7499.00,1000.00,G,G
1109,"Esta Casper DVM",304512477,1,,6136.00,1000.00,G,G
1110,"Cathy Yost",399504,1,,3938.00,1000.00,G,G
1111,"Prof. Angelina Effertz DDS",3579,1,,352.00,1000.00,G,G
1112,"Brooklyn Baumbach",17359,1,,6612.00,1000.00,G,G
1113,"Jade Lebsack Jr.",28,1,,5316.00,1000.00,G,G
1114,"Danial Krajcik",17565581,1,,4016.00,1000.00,G,G
1115,"Jett Lueilwitz",360,1,,3879.00,1000.00,G,G
1116,"Prof. Kathleen Smitham III",0,1,,4993.00,1000.00,G,G
1117,"Rhianna Price",3969,1,,4789.00,1000.00,G,G
1118,"Rosie Nienow DVM",6663158,1,,9983.00,1000.00,G,G
1119,"Kendall Huels",44440,1,,9917.00,1000.00,G,G
1120,"Cathryn Brakus PhD",2,1,,9884.00,1000.00,G,G
1121,"Dr. Bradly Rosenbaum",81114,1,,9566.00,1000.00,G,G
1122,"Mr. Geovany Brakus",3477,1,,3926.00,1000.00,G,G
1123,"Estelle Tremblay",498517,1,,6707.00,1000.00,G,G
1124,"Prof. Major Bashirian",26000,1,,8190.00,1000.00,G,G
1125,"Nathan Schmitt",5,1,,3402.00,1000.00,G,G
1126,"Giovanny Franecki",79205014,1,,5480.00,1000.00,G,G
1127,"Selina Hermann",73899,1,,8083.00,1000.00,G,G
1128,"Dr. Savion Renner PhD",7,1,,5209.00,1000.00,G,G
1129,"Dessie Hoppe",1,1,,6327.00,1000.00,G,G
1130,"Dorothy Ernser DVM",662696546,1,,9258.00,1000.00,G,G
1131,"Kaycee Eichmann",95792974,1,,5982.00,1000.00,G,G
1132,"Dr. Clifton Howell",8646823,1,,428.00,1000.00,G,G
1133,"Vito Bode",4405967,1,,6541.00,1000.00,G,G
1134,"Celestino Block I",9,1,,8837.00,1000.00,G,G
1135,"Karl Mills",82700627,1,,9391.00,1000.00,G,G
1136,"Devin Satterfield",18965,1,,2518.00,1000.00,G,G
1137,"Cara Ullrich",1312,1,,4598.00,1000.00,G,G
1138,"Jamarcus Farrell",82680602,1,,5763.00,1000.00,G,G
1139,"Carolyn Kerluke",6410,1,,3049.00,1000.00,G,G
1140,"Alec Wilderman",6150,1,,3156.00,1000.00,G,G
1141,"Natalie Kunde",662024,1,,2846.00,1000.00,G,G
1142,"Brandi Hermiston",838355,1,,6885.00,1000.00,G,G
1143,"Prof. Eulalia Jerde",524409,1,,7992.00,1000.00,G,G
1144,"Dr. Loyal Haag",192904,1,,6395.00,1000.00,G,G
1145,"Dr. Nico Murray Jr.",61,1,,822.00,1000.00,G,G
1146,"Mr. Haley Senger II",6,1,,5941.00,1000.00,G,G
1147,"Miss Mireille Hammes I",9,1,,3286.00,1000.00,G,G
1148,"Norwood Conn Jr.",6,1,,3950.00,1000.00,G,G
1149,"Bertram Kozey V",927,1,,6066.00,1000.00,G,G
1150,"Ryann Herzog",26241,1,,1597.00,1000.00,G,G
1151,"Crystal Kirlin",440738,1,,757.00,1000.00,G,G
1152,"Prof. Sarina Glover",49897,1,,5112.00,1000.00,G,G
1153,"Dr. Mekhi Huel II",6720,1,,7374.00,1000.00,G,G
1154,"Dariana Smitham",79697885,1,,1408.00,1000.00,G,G
1155,"Mikayla Erdman MD",20621,1,,8582.00,1000.00,G,G
1156,"Prof. Berenice Hane",75880,1,,2948.00,1000.00,G,G
1157,"Adan Bartell",2,1,,3652.00,1000.00,G,G
1158,"Liam Jacobs",8869249,1,,6497.00,1000.00,G,G
1159,"Mrs. Mireille Walter",365020,1,,6962.00,1000.00,G,G
1160,"Rhett Steuber",849507105,1,,185.00,1000.00,G,G
1161,"Lola Carroll II",595801,1,,2938.00,1000.00,G,G
1162,"Ressie Nolan",94159,1,,4489.00,1000.00,G,G
1163,"Madeline Feil",315758,1,,3100.00,1000.00,G,G
1164,"Ms. Amie Hansen MD",7478,1,,5271.00,1000.00,G,G
1165,"Billy Morissette",6,1,,9169.00,1000.00,G,G
1166,"Reggie Senger III",975975521,1,,3683.00,1000.00,G,G
1167,"Minnie Koepp III",52,1,,6472.00,1000.00,G,G
1168,"Princess Bernier",127701184,1,,3320.00,1000.00,G,G
1169,"Prof. Zackery Reilly",8,1,,8734.00,1000.00,G,G
1170,"Darien Gorczany DVM",672993,1,,9013.00,1000.00,G,G
1171,"Claudie Daniel MD",64945513,1,,7807.00,1000.00,G,G
1172,"Angie Dietrich",75407823,1,,1636.00,1000.00,G,G
1173,"Layla Toy",249668178,1,,112.00,1000.00,G,G
1174,"Eulah Rolfson",52279146,1,,95.00,1000.00,G,G
1175,"Emiliano Gerlach",78,1,,6124.00,1000.00,G,G
1176,"Hyman Klocko",9159,1,,5791.00,1000.00,G,G
1177,"Mr. Jamarcus Kub V",17,1,,3170.00,1000.00,G,G
1178,"Deven Fadel",87028760,1,,1672.00,1000.00,G,G
1179,"Kailee Lakin IV",823,1,,109.00,1000.00,G,G
1180,"Mr. Godfrey Romaguera",328,1,,7280.00,1000.00,G,G
1181,"Thaddeus Bins",62915,1,,9347.00,1000.00,G,G
1182,"Julius Rath",28714,1,,7902.00,1000.00,G,G
1183,"Ross Brekke",92701180,1,,7428.00,1000.00,G,G
1184,"Ahmad Wisoky",86,1,,1812.00,1000.00,G,G
1185,"Pietro Blanda",260970768,1,,5511.00,1000.00,G,G
1186,"Miss Kiara Kessler",24,1,,208.00,1000.00,G,G
1187,"Estrella Gerhold",8,1,,3396.00,1000.00,G,G
1188,"Mrs. Larissa Weissnat MD",89,1,,8448.00,1000.00,G,G
1189,"Tara Langworth",93,1,,6179.00,1000.00,G,G
1190,"Dr. Bianka Schaden V",463618777,1,,1352.00,1000.00,G,G
1191,"Dr. Avery Carroll V",59760303,1,,7474.00,1000.00,G,G
1192,"Magali Murphy IV",7233,1,,6585.00,1000.00,G,G
1193,"Prof. Cydney Rohan",148359102,1,,932.00,1000.00,G,G
1194,"Brooke Nienow",0,1,,536.00,1000.00,G,G
1195,"Randal Armstrong",136,1,,7955.00,1000.00,G,G
1196,"Daniella Thiel",69505641,1,,4494.00,1000.00,G,G
1197,"Rowland Carroll",519528311,1,,296.00,1000.00,G,G
1198,"Ms. Amie Kshlerin",986199995,1,,5450.00,1000.00,G,G
1199,"Shawn Glover",8,1,,9644.00,1000.00,G,G
1200,"Fritz Hintz",86718,1,,8686.00,1000.00,G,G
1201,"Dr. Conrad Kozey",3647214,1,,8262.00,1000.00,G,G
1202,"Shaniya Lehner",42302,1,,1642.00,1000.00,G,G
1203,"Dr. Darron Metz",57727266,1,,6154.00,1000.00,G,G
1204,"Belle Smitham III",713,1,,1632.00,1000.00,G,G
1205,"Luciano Denesik Jr.",764,1,,9797.00,1000.00,G,G
1206,"Ms. Alayna Bayer",45,1,,4609.00,1000.00,G,G
1207,"Adrian Fritsch",8,1,,1164.00,1000.00,G,G
1208,"Mrs. Lavada Durgan PhD",25,1,,5800.00,1000.00,G,G
1209,"Wilhelm Gerhold",90764221,1,,8965.00,1000.00,G,G
1210,"Zetta Halvorson",73217846,1,,5249.00,1000.00,G,G
1211,"Dashawn Gislason",610693,1,,1444.00,1000.00,G,G
1212,"Miss Christiana Lynch MD",8,1,,6411.00,1000.00,G,G
1213,"Stewart Botsford",782451962,1,,7830.00,1000.00,G,G
1214,"Mr. Herbert Ankunding",3771043,1,,431.00,1000.00,G,G
1215,"Bria Schuppe",2,1,,3430.00,1000.00,G,G
1216,"Elroy Schmitt",6928708,1,,3841.00,1000.00,G,G
1217,"Ms. Charlene Cremin",88748,1,,2926.00,1000.00,G,G
1218,"Paxton Waters",9387,1,,7726.00,1000.00,G,G
1219,"Alicia Pouros",924,1,,9975.00,1000.00,G,G
1220,"Angelica Stroman",19683,1,,5961.00,1000.00,G,G
1221,"Prof. Jace Daugherty",886258684,1,,5456.00,1000.00,G,G
1222,"Imani Mohr",858,1,,8705.00,1000.00,G,G
1223,"Keara Mann",6081648,1,,6509.00,1000.00,G,G
1224,"Leonel Auer",0,1,,9292.00,1000.00,G,G
1225,"Dock Hettinger",22,1,,3283.00,1000.00,G,G
1226,"Elvie Bergnaum",812245060,1,,3739.00,1000.00,G,G
1227,"Melissa Corwin",235,1,,8937.00,1000.00,G,G
1228,"Reuben Davis",4611760,1,,3516.00,1000.00,G,G
1229,"Jermey Pagac",5292,1,,8416.00,1000.00,G,G
1230,"Clarabelle Jacobson",4,1,,9354.00,1000.00,G,G
1231,"Makenna O'Connell",991,1,,4193.00,1000.00,G,G
1232,"Ola Collier Sr.",453,1,,9327.00,1000.00,G,G
1233,"Minnie Veum",9,1,,6728.00,1000.00,G,G
1234,"Precious Goyette",0,1,,5785.00,1000.00,G,G
1235,"Adah Collins",0,1,,723.00,1000.00,G,G
1236,"Garland Streich",3,1,,4683.00,1000.00,G,G
1237,"Raphaelle Glover",8540281,1,,9088.00,1000.00,G,G
1238,"Fiona Johnston",7167566,1,,9596.00,1000.00,G,G
1239,"Lula Halvorson Sr.",184668,1,,9988.00,1000.00,G,G
1240,"Prof. Claudia Emard MD",30809,1,,8280.00,1000.00,G,G
1241,"Gilbert Morar",64205458,1,,2663.00,1000.00,G,G
1242,"Davon Olson V",0,1,,4385.00,1000.00,G,G
1243,"Ernestine Wolff",52234691,1,,1781.00,1000.00,G,G
1244,"Mrs. Lessie Heller PhD",555411,1,,5587.00,1000.00,G,G
1245,"Prof. Myrna Dach",6,1,,5242.00,1000.00,G,G
1246,"Ms. Lucienne Champlin",734,1,,9011.00,1000.00,G,G
1247,"Kaleigh Bechtelar III",753255442,1,,6929.00,1000.00,G,G
1248,"Daniella Hoeger",634190734,1,,8706.00,1000.00,G,G
1249,"Vada Hodkiewicz",3,1,,6835.00,1000.00,G,G
1250,"Kyra Johnson DDS",220960563,1,,1803.00,1000.00,G,G
1251,"Chelsie Rohan",788285,1,,8556.00,1000.00,G,G
1252,"Marcella Legros",5,1,,9021.00,1000.00,G,G
1253,"Willie Stoltenberg",72,1,,5670.00,1000.00,G,G
1254,"Marcelina Botsford Jr.",590717135,1,,2831.00,1000.00,G,G
1255,"Phoebe Bernier I",8,1,,6182.00,1000.00,G,G
1256,"Dr. Cade Thompson",8322,1,,7382.00,1000.00,G,G
1257,"Eino Kuhlman",69,1,,6100.00,1000.00,G,G
1258,"Sabrina Grady",588465618,1,,6.00,1000.00,G,G
1259,"Prof. Trudie Brakus III",5108053,1,,308.00,1000.00,G,G
1260,"Mr. Jess Waters",79409,1,,2367.00,1000.00,G,G
1261,"Miss Danielle Ondricka DVM",62917,1,,8608.00,1000.00,G,G
1262,"Kaia Erdman V",49,1,,2131.00,1000.00,G,G
1263,"Heloise Bernhard",651780804,1,,5273.00,1000.00,G,G
1264,"Vincent Carroll",929,1,,1393.00,1000.00,G,G
1265,"Prof. Keon Tremblay Jr.",254921,1,,6059.00,1000.00,G,G
1266,"Kylie Gleason",944,1,,608.00,1000.00,G,G
1267,"Alvena Bradtke",24761,1,,4367.00,1000.00,G,G
1268,"Angeline Rogahn",6203207,1,,9428.00,1000.00,G,G
1269,"Forest Erdman",2786,1,,4129.00,1000.00,G,G
1270,"Mack Stroman",52367095,1,,3455.00,1000.00,G,G
1271,"Marielle Crist",13963484,1,,2683.00,1000.00,G,G
1272,"Keyshawn McLaughlin",6729056,1,,103.00,1000.00,G,G
1273,"Summer Lowe V",5,1,,6961.00,1000.00,G,G
1274,"Lemuel Jenkins",849175,1,,1316.00,1000.00,G,G
1275,"Prof. Justyn Hettinger V",985773,1,,8975.00,1000.00,G,G
1276,"Estefania Quitzon",7340,1,,7226.00,1000.00,G,G
1277,"Dr. Addison Stanton V",227,1,,3912.00,1000.00,G,G
1278,"Braulio Batz",216,1,,5813.00,1000.00,G,G
1279,"Mr. Milan Corwin Sr.",47,1,,9170.00,1000.00,G,G
1280,"Roger Runolfsson",48867970,1,,5689.00,1000.00,G,G
1281,"Dr. Tremaine Gleason",335,1,,7556.00,1000.00,G,G
1282,"Tyreek Gerlach",433890574,1,,6078.00,1000.00,G,G
1283,"Diamond Rippin",447,1,,6911.00,1000.00,G,G
1284,"Elian McGlynn",1819,1,,8393.00,1000.00,G,G
1285,"Carlotta Braun",528494,1,,3184.00,1000.00,G,G
1286,"Freeda Adams",4183,1,,5300.00,1000.00,G,G
1287,"Miss Jessika Walker V",337714753,1,,961.00,1000.00,G,G
1288,"Dr. Loren Ledner V",56,1,,1235.00,1000.00,G,G
1289,"Jayda Schmidt",491,1,,8631.00,1000.00,G,G
1290,"Mr. Albert Mayer",51975,1,,1826.00,1000.00,G,G
1291,"Lilyan Leuschke",86763,1,,9015.00,1000.00,G,G
1292,"Marley VonRueden",51157,1,,2501.00,1000.00,G,G
1293,"Hershel Raynor",865,1,,9804.00,1000.00,G,G
1294,"Jadon Powlowski",688198145,1,,5167.00,1000.00,G,G
1295,"Mr. Jeromy Daniel",2161,1,,2642.00,1000.00,G,G
1296,"Jeffery Wyman",18230,1,,5564.00,1000.00,G,G
1297,"Eloisa Morar",1204825,1,,3433.00,1000.00,G,G
1298,"Ford Spencer V",253,1,,6487.00,1000.00,G,G
1299,"Isaias Ortiz",1090,1,,5030.00,1000.00,G,G
1300,"Ms. Madaline Gottlieb Jr.",3,1,,281.00,1000.00,G,G
1301,"Wilhelmine Witting",79,1,,8125.00,1000.00,G,G
1302,"Dr. Devin Hoppe",173283922,1,,2065.00,1000.00,G,G
1303,"Mrs. Shyanne Walsh II",1,1,,9736.00,1000.00,G,G
1304,"Jaquan Rippin",27,1,,1211.00,1000.00,G,G
1305,"Dr. Chandler Rath",837,1,,6926.00,1000.00,G,G
1306,"Bailey Crona",226948864,1,,3848.00,1000.00,G,G
1307,"Pablo Huels",510,1,,4108.00,1000.00,G,G
1308,"Terrence Rolfson",954,1,,7502.00,1000.00,G,G
1309,"Newell Connelly",293495887,1,,5128.00,1000.00,G,G
1310,"Bert Greenholt",8,1,,8935.00,1000.00,G,G
1311,"Mr. Milan Orn",1373314,1,,3554.00,1000.00,G,G
1312,"Leatha Boyle",2577,1,,784.00,1000.00,G,G
1313,"Kory Ortiz",77468550,1,,555.00,1000.00,G,G
1314,"Katelin Gutkowski",737,1,,7455.00,1000.00,G,G
1315,"Rodolfo Klocko",77249,1,,834.00,1000.00,G,G
1316,"Patricia Gutmann",24,1,,9584.00,1000.00,G,G
1317,"Prof. Scotty Heathcote PhD",8875,1,,3391.00,1000.00,G,G
1318,"Enrico Batz MD",75185,1,,2262.00,1000.00,G,G
1319,"Easter Runte",96,1,,8083.00,1000.00,G,G
1320,"Ms. Carlotta Doyle",5715,1,,5001.00,1000.00,G,G
1321,"Alvina Terry",2,1,,99.00,1000.00,G,G
1322,"Zetta Schowalter",5548,1,,8184.00,1000.00,G,G
1323,"Cody Hackett",6996,1,,3015.00,1000.00,G,G
1324,"Dr. Maud Kuphal",71770,1,,9778.00,1000.00,G,G
1325,"Alfreda Weissnat",128,1,,4386.00,1000.00,G,G
1326,"Cielo Carter",5239030,1,,9199.00,1000.00,G,G
1327,"Mrs. Jermaine Langworth II",1058003,1,,8378.00,1000.00,G,G
1328,"Dr. Seamus Schmidt MD",1997,1,,9746.00,1000.00,G,G
1329,"Heaven Herman",301,1,,1127.00,1000.00,G,G
1330,"Prof. Polly Morar III",5530,1,,2281.00,1000.00,G,G
1331,"Caleigh Gerlach",51011,1,,3107.00,1000.00,G,G
1332,"Zane Wiza",993725,1,,6154.00,1000.00,G,G
1333,"Prof. Samir Effertz Jr.",19577,1,,8241.00,1000.00,G,G
1334,"Dr. Flavio Kozey DVM",562761974,1,,7731.00,1000.00,G,G
1335,"Edward Sipes",7,1,,2912.00,1000.00,G,G
1336,"Lora Willms",419,1,,6608.00,1000.00,G,G
1337,"Prof. Fermin Gerlach",5696,1,,3324.00,1000.00,G,G
1338,"Makenzie Schroeder",0,1,,3877.00,1000.00,G,G
1339,"Mr. Keyon Haag",17054,1,,5900.00,1000.00,G,G
1340,"Ricardo Hartmann V",696853,1,,6717.00,1000.00,G,G
1341,"Jaylin Stiedemann",57,1,,3835.00,1000.00,G,G
1342,"Dr. Katrina Mraz",6,1,,3211.00,1000.00,G,G
1343,"Elva Beahan",3634,1,,3564.00,1000.00,G,G
1344,"Jackson Treutel DVM",2002555,1,,5121.00,1000.00,G,G
1345,"Mrs. Annabelle Lemke III",3847906,1,,2757.00,1000.00,G,G
1346,"Kaitlyn Nitzsche",91,1,,5053.00,1000.00,G,G
1347,"Elvera Ebert",495792,1,,8717.00,1000.00,G,G
1348,"Darrick Effertz",796,1,,2602.00,1000.00,G,G
1349,"Leonor Pouros",879150934,1,,6089.00,1000.00,G,G
1350,"Charlie Cassin",123,1,,3586.00,1000.00,G,G
1351,"Vincenza Lebsack",508844315,1,,9462.00,1000.00,G,G
1352,"Jamarcus Bailey",762458,1,,4566.00,1000.00,G,G
1353,"Hilbert Bins",7865,1,,1905.00,1000.00,G,G
1354,"Mr. Felton Gleason",229,1,,4221.00,1000.00,G,G
1355,"Dr. Nicola Strosin",7000814,1,,8922.00,1000.00,G,G
1356,"Haley Jerde",78397748,1,,6903.00,1000.00,G,G
1357,"Emilio Lowe DDS",342735551,1,,5517.00,1000.00,G,G
1358,"Alfonso Hoeger",34258,1,,7277.00,1000.00,G,G
1359,"Ms. Justina Waelchi",165,1,,5534.00,1000.00,G,G
1360,"Brook Berge",6,1,,8533.00,1000.00,G,G
1361,"Miss Rozella Kulas",1897,1,,1384.00,1000.00,G,G
1362,"Cheyenne Blanda",82441,1,,8474.00,1000.00,G,G
1363,"Viva Langworth",827119,1,,3114.00,1000.00,G,G
1364,"Mr. Barry Beer I",784485,1,,727.00,1000.00,G,G
1365,"Leonard D'Amore PhD",0,1,,4419.00,1000.00,G,G
1366,"Dr. Orland Labadie",4802783,1,,9962.00,1000.00,G,G
1367,"Derick Hermiston",7481350,1,,3366.00,1000.00,G,G
1368,"Tyrell Considine",82,1,,1770.00,1000.00,G,G
1369,"Lew Kautzer",73038,1,,5617.00,1000.00,G,G
1370,"Vaughn Runolfsdottir",9,1,,6562.00,1000.00,G,G
1371,"Mafalda Swaniawski",106919537,1,,8040.00,1000.00,G,G
1372,"Ms. Mariane Balistreri",81296518,1,,541.00,1000.00,G,G
1373,"Mrs. Zula Stoltenberg Jr.",907808,1,,5812.00,1000.00,G,G
1374,"Miss Dorothea D'Amore MD",421,1,,7245.00,1000.00,G,G
1375,"Miss Lulu Armstrong I",6159,1,,8733.00,1000.00,G,G
1376,"Margaretta Tromp",54632,1,,7389.00,1000.00,G,G
1377,"Dane Gibson",6,1,,9855.00,1000.00,G,G
1378,"Audie Lubowitz",186,1,,5923.00,1000.00,G,G
1379,"Mr. Samir McKenzie",8,1,,7733.00,1000.00,G,G
1380,"Burley Cartwright Jr.",119380712,1,,5327.00,1000.00,G,G
1381,"Brooklyn Muller",42,1,,7684.00,1000.00,G,G
1382,"Angela Ryan",5,1,,9227.00,1000.00,G,G
1383,"Emiliano Hermiston DVM",8,1,,6970.00,1000.00,G,G
1384,"Rosalinda Baumbach",23182,1,,3819.00,1000.00,G,G
1385,"Santino Schimmel",14766878,1,,5136.00,1000.00,G,G
1386,"Taryn Gutmann",175,1,,1244.00,1000.00,G,G
1387,"Earnestine Weissnat",818097,1,,1920.00,1000.00,G,G
1388,"Isabell Stehr",90027532,1,,5749.00,1000.00,G,G
1389,"Reid Kutch",97289,1,,8872.00,1000.00,G,G
1390,"Haskell Dicki",831613457,1,,2683.00,1000.00,G,G
1391,"Dr. Carolyn Konopelski",5518,1,,1803.00,1000.00,G,G
1392,"Dr. Alexandre Wilkinson",1175754,1,,3187.00,1000.00,G,G
1393,"Reymundo Auer",67,1,,211.00,1000.00,G,G
1394,"Mrs. Idell Russel",248,1,,7191.00,1000.00,G,G
1395,"Miss Vicenta Farrell",241,1,,834.00,1000.00,G,G
1396,"Lura Satterfield",817543936,1,,188.00,1000.00,G,G
1397,"Annamarie Nolan",5,1,,8807.00,1000.00,G,G
1398,"Albert Jenkins Jr.",58801214,1,,1109.00,1000.00,G,G
1399,"Mr. Soledad Baumbach DVM",285691445,1,,8642.00,1000.00,G,G
1400,"Holly Barton",937627,1,,4335.00,1000.00,G,G
1401,"Meta Emard III",3,1,,2998.00,1000.00,G,G
1402,"Mrs. Sierra Sipes",0,1,,5951.00,1000.00,G,G
1403,"Sydnee Jerde",206,1,,938.00,1000.00,G,G
1404,"Brant Schuppe",7778602,1,,7800.00,1000.00,G,G
1405,"Miss Sierra Ratke DVM",382467,1,,1735.00,1000.00,G,G
1406,"Emil Oberbrunner",7037,1,,8716.00,1000.00,G,G
1407,"Martina Lang",86,1,,7735.00,1000.00,G,G
1408,"Mr. Kendrick Schumm",966756045,1,,6765.00,1000.00,G,G
1409,"Dr. Eugene Dare V",91815,1,,7004.00,1000.00,G,G
1410,"Laverna Baumbach Sr.",26018,1,,7782.00,1000.00,G,G
1411,"Mack Daniel",730,1,,584.00,1000.00,G,G
1412,"Prof. Weston Champlin IV",5338969,1,,6210.00,1000.00,G,G
1413,"Mr. Bill Kemmer",5,1,,8665.00,1000.00,G,G
1414,"Dr. Lorenzo Ferry",57278,1,,6658.00,1000.00,G,G
1415,"Javon Abernathy",83,1,,8105.00,1000.00,G,G
1416,"Willow Bosco",58710819,1,,9685.00,1000.00,G,G
1417,"Mrs. Aisha Altenwerth II",840842,1,,393.00,1000.00,G,G
1418,"Prof. Aaliyah Adams",7,1,,4986.00,1000.00,G,G
1419,"Darrion Maggio",100,1,,6830.00,1000.00,G,G
1420,"Ambrose Schmidt",781668,1,,1863.00,1000.00,G,G
1421,"Karen Reichel",46,1,,658.00,1000.00,G,G
1422,"Houston Mante",1663,1,,8804.00,1000.00,G,G
1423,"Prof. Spencer Heaney II",396868,1,,2254.00,1000.00,G,G
1424,"Dr. Amina Schulist",75,1,,3660.00,1000.00,G,G
1425,"Lenna Terry Jr.",927410,1,,6002.00,1000.00,G,G
1426,"Vernice Moen III",51077111,1,,6705.00,1000.00,G,G
1427,"Dr. Hortense Wuckert V",71,1,,4299.00,1000.00,G,G
1428,"Prof. Khalid Simonis",463,1,,51.00,1000.00,G,G
1429,"Kiara Nitzsche",6294510,1,,358.00,1000.00,G,G
1430,"Miss Annette Lebsack PhD",17993,1,,8418.00,1000.00,G,G
1431,"Reed O'Hara",366214,1,,5102.00,1000.00,G,G
1432,"Toby Kassulke",89,1,,3209.00,1000.00,G,G
1433,"Rhianna Spencer MD",94948,1,,4850.00,1000.00,G,G
1434,"Monserrat Williamson",770,1,,3898.00,1000.00,G,G
1435,"Yoshiko Zieme",82,1,,5242.00,1000.00,G,G
1436,"Nora Stokes",69,1,,7011.00,1000.00,G,G
1437,"Else Rath",32932610,1,,3120.00,1000.00,G,G
1438,"Dr. Aida Rau",67,1,,6453.00,1000.00,G,G
1439,"Annabell Jast",0,1,,5156.00,1000.00,G,G
1440,"Turner Hahn",199301645,1,,5345.00,1000.00,G,G
1441,"Tobin Schaefer IV",55162262,1,,1598.00,1000.00,G,G
1442,"Mrs. Madonna Kub Jr.",927651131,1,,6825.00,1000.00,G,G
1443,"Freddie Grant",13999,1,,9314.00,1000.00,G,G
1444,"Lavada Thiel",955556,1,,3811.00,1000.00,G,G
1445,"Darren Mertz",8477824,1,,3019.00,1000.00,G,G
1446,"Zella Strosin",668,1,,1960.00,1000.00,G,G
1447,"Ms. Brianne Kirlin",8340230,1,,2815.00,1000.00,G,G
1448,"Donna Renner",83063,1,,6442.00,1000.00,G,G
1449,"Seamus Lind",711106391,1,,3888.00,1000.00,G,G
1450,"Brown Lesch",43,1,,5158.00,1000.00,G,G
1451,"Addie Gislason",70578,1,,7242.00,1000.00,G,G
1452,"Miss Lenna Jaskolski PhD",8,1,,2650.00,1000.00,G,G
1453,"Hellen Rempel",225,1,,4110.00,1000.00,G,G
1454,"Angelina Haley",69,1,,365.00,1000.00,G,G
1455,"Marvin Brakus",74898,1,,7689.00,1000.00,G,G
1456,"Everette Eichmann",5170621,1,,4255.00,1000.00,G,G
1457,"Norma Torp",18228414,1,,1753.00,1000.00,G,G
1458,"Ebba Farrell",6043,1,,7628.00,1000.00,G,G
1459,"Jaydon Wyman",4,1,,9647.00,1000.00,G,G
1460,"Valentin Batz",18676844,1,,613.00,1000.00,G,G
1461,"Mrs. Heaven Lowe",9619,1,,3329.00,1000.00,G,G
1462,"Reina Howe",40,1,,8328.00,1000.00,G,G
1463,"Alexanne Lemke",404010799,1,,1284.00,1000.00,G,G
1464,"Flo Klein",1333,1,,7362.00,1000.00,G,G
1465,"Carmella Little",2,1,,6628.00,1000.00,G,G
1466,"Gregoria Langworth Jr.",18046864,1,,8699.00,1000.00,G,G
1467,"Ricky Larkin",22470,1,,9598.00,1000.00,G,G
1468,"Prof. Florian Kozey I",35883285,1,,2861.00,1000.00,G,G
1469,"Amparo Jacobs II",6420996,1,,3843.00,1000.00,G,G
1470,"Maud Kris",581046619,1,,2632.00,1000.00,G,G
1471,"Prof. Monique Kohler II",959946591,1,,9115.00,1000.00,G,G
1472,"Cristina Murphy",93540,1,,4559.00,1000.00,G,G
1473,"Daisy O'Conner",895,1,,2197.00,1000.00,G,G
1474,"Brown Mayer",8215656,1,,2295.00,1000.00,G,G
1475,"Patsy Weimann",127433905,1,,4380.00,1000.00,G,G
1476,"Dr. Carissa Crona",48470254,1,,2596.00,1000.00,G,G
1477,"Mrs. Shea Block",7,1,,919.00,1000.00,G,G
1478,"Dr. Rickie Hilpert",49,1,,5343.00,1000.00,G,G
1479,"Westley Brown",4341053,1,,4242.00,1000.00,G,G
1480,"Nicolas Mayer",68345,1,,3971.00,1000.00,G,G
1481,"Prof. Rogelio Ebert Jr.",831,1,,5187.00,1000.00,G,G
1482,"Dr. Jerad Wiegand MD",993,1,,5955.00,1000.00,G,G
1483,"Cade Abshire V",8,1,,4026.00,1000.00,G,G
1484,"Carson Orn V",86195507,1,,3735.00,1000.00,G,G
1485,"Dr. Fiona Walsh",8205770,1,,9787.00,1000.00,G,G
1486,"Eldred Nikolaus",0,1,,5637.00,1000.00,G,G
1487,"Bryana Weimann",445063343,1,,654.00,1000.00,G,G
1488,"Talon Medhurst",306909,1,,7437.00,1000.00,G,G
1489,"Clarissa Lindgren",23809,1,,7919.00,1000.00,G,G
1490,"Jensen Gerhold Jr.",4228901,1,,3395.00,1000.00,G,G
1491,"Rubie Parisian II",473,1,,2980.00,1000.00,G,G
1492,"Rupert Bahringer",46271,1,,5284.00,1000.00,G,G
1493,"Pearl Corkery IV",2,1,,8627.00,1000.00,G,G
1494,"Clement Balistreri",655720755,1,,4171.00,1000.00,G,G
1495,"Modesto Hickle",469392,1,,9245.00,1000.00,G,G
1496,"Mason McLaughlin",6458905,1,,5706.00,1000.00,G,G
1497,"Prof. Lucile Erdman MD",0,1,,8238.00,1000.00,G,G
1498,"Gayle Labadie",997,1,,1233.00,1000.00,G,G
1499,"Prof. Edward Stark",673268566,1,,1056.00,1000.00,G,G
1500,"Leora Stokes IV",76381527,1,,6170.00,1000.00,G,G
1501,"Carter Rodriguez",514149826,1,,2972.00,1000.00,G,G
1502,"Mr. Thaddeus Dach Sr.",32327,1,,787.00,1000.00,G,G
1503,"Antonetta Rowe",893975,1,,7154.00,1000.00,G,G
1504,"Angeline Lubowitz",2989,1,,8482.00,1000.00,G,G
1505,"Helmer Schmidt",784715301,1,,8728.00,1000.00,G,G
1506,"Kelsie Nader",76090146,1,,1639.00,1000.00,G,G
1507,"Dr. Colleen Hermann I",99,1,,8378.00,1000.00,G,G
1508,"Jamel Hahn",48152,1,,8015.00,1000.00,G,G
1509,"Miss Karen Miller II",231,1,,4762.00,1000.00,G,G
1510,"Francis Leannon I",87182,1,,5342.00,1000.00,G,G
1511,"Cleora Doyle",64,1,,5486.00,1000.00,G,G
1512,"Jadyn Pouros",953619,1,,1374.00,1000.00,G,G
1513,"Prof. Aliyah Eichmann",827898164,1,,9250.00,1000.00,G,G
1514,"Robert Kohler",90882,1,,5221.00,1000.00,G,G
1515,"Rosemary Dickinson",8474,1,,8579.00,1000.00,G,G
1516,"Leland Tillman I",3614366,1,,707.00,1000.00,G,G
1517,"Miss Cheyenne Lehner DVM",4204,1,,3472.00,1000.00,G,G
1518,"Shanel Schuppe",2729794,1,,2477.00,1000.00,G,G
1519,"Prof. Percival Cole",7040456,1,,417.00,1000.00,G,G
1520,"Kieran Adams Sr.",285735345,1,,3554.00,1000.00,G,G
1521,"Antonina Aufderhar",841202,1,,1950.00,1000.00,G,G
1522,"Tito Marquardt",1630110,1,,1876.00,1000.00,G,G
1523,"Jessy Okuneva",95715,1,,7216.00,1000.00,G,G
1524,"June Schneider",7,1,,2316.00,1000.00,G,G
1525,"Isadore Barrows",1250,1,,6767.00,1000.00,G,G
1526,"Julian Harris Jr.",281140296,1,,1361.00,1000.00,G,G
1527,"Israel Strosin",116710721,1,,7348.00,1000.00,G,G
1528,"Lila Considine",295,1,,8454.00,1000.00,G,G
1529,"Vicenta Hill",663,1,,8221.00,1000.00,G,G
1530,"Arianna Heathcote",691005258,1,,1268.00,1000.00,G,G
1531,"Piper Hickle V",48324,1,,8739.00,1000.00,G,G
1532,"Emanuel Kuvalis",23847,1,,4855.00,1000.00,G,G
1533,"Rupert Barton",79826,1,,630.00,1000.00,G,G
1534,"Gayle Schmidt",182,1,,2409.00,1000.00,G,G
1535,"Craig Veum",504485,1,,5097.00,1000.00,G,G
1536,"Bernardo Connelly",182,1,,8059.00,1000.00,G,G
1537,"Afton Doyle",3,1,,4977.00,1000.00,G,G
1538,"Prof. Kaley Kirlin II",13144020,1,,3021.00,1000.00,G,G
1539,"Selmer Von V",74,1,,8693.00,1000.00,G,G
1540,"Miss Ariane Hill",955,1,,5506.00,1000.00,G,G
1541,"Esmeralda Denesik",30,1,,8172.00,1000.00,G,G
1542,"Joanie Prohaska Sr.",148488,1,,1861.00,1000.00,G,G
1543,"Orin Blick",12,1,,1336.00,1000.00,G,G
1544,"Mya Kuphal",83443,1,,524.00,1000.00,G,G
1545,"Ferne Ruecker",479528762,1,,3079.00,1000.00,G,G
1546,"Candida Waters",3497990,1,,3811.00,1000.00,G,G
1547,"Reina Rowe",58787719,1,,2219.00,1000.00,G,G
1548,"Dale Ziemann",144,1,,8425.00,1000.00,G,G
1549,"Arjun Lowe",6,1,,1460.00,1000.00,G,G
1550,"Ms. Emmalee Durgan DVM",23,1,,2428.00,1000.00,G,G
1551,"Dr. Ova Nienow",84,1,,8628.00,1000.00,G,G
1552,"Prof. Merle Lakin V",460341800,1,,214.00,1000.00,G,G
1553,"Rafaela Nolan",561974,1,,2652.00,1000.00,G,G
1554,"Miss Abagail Bruen Jr.",16414933,1,,9913.00,1000.00,G,G
1555,"Ed Morissette",68247,1,,6416.00,1000.00,G,G
1556,"Dr. Carmella Wisoky",41959866,1,,2930.00,1000.00,G,G
1557,"Prof. Chadrick Cummings",49299473,1,,7490.00,1000.00,G,G
1558,"Tina Hane",15,1,,2702.00,1000.00,G,G
1559,"Darius Kirlin",82,1,,9447.00,1000.00,G,G
1560,"Maye Sipes",91,1,,6949.00,1000.00,G,G
1561,"Stan Fisher",78,1,,2128.00,1000.00,G,G
1562,"Porter O'Connell",341,1,,3797.00,1000.00,G,G
1563,"Catalina DuBuque",73,1,,8717.00,1000.00,G,G
1564,"Trevor Bahringer",13,1,,6434.00,1000.00,G,G
1565,"Melisa Medhurst",7355926,1,,4103.00,1000.00,G,G
1566,"Meredith Bartell",1,1,,3945.00,1000.00,G,G
1567,"Adan Harvey Jr.",30,1,,9509.00,1000.00,G,G
1568,"Dahlia Ferry III",53479197,1,,6266.00,1000.00,G,G
1569,"Madisyn Hyatt",252156,1,,61.00,1000.00,G,G
1570,"Phyllis Bogan",74185279,1,,2083.00,1000.00,G,G
1571,"Ivah Roob PhD",952225,1,,4801.00,1000.00,G,G
1572,"Trudie Wuckert IV",63,1,,993.00,1000.00,G,G
1573,"Deshawn Renner Jr.",49,1,,6704.00,1000.00,G,G
1574,"Leilani Lang MD",22278176,1,,2630.00,1000.00,G,G
1575,"Dr. Marcelino White DVM",6685,1,,581.00,1000.00,G,G
1576,"Guillermo Upton",413,1,,3048.00,1000.00,G,G
1577,"Rollin Gaylord",48220,1,,4692.00,1000.00,G,G
1578,"Damian Williamson",679408920,1,,5230.00,1000.00,G,G
1579,"Mrs. Katarina Keebler",39,1,,9796.00,1000.00,G,G
1580,"Francesco Labadie",865621,1,,447.00,1000.00,G,G
1581,"Prof. Javier Harris V",3,1,,9612.00,1000.00,G,G
1582,"Torey Parker",24,1,,2264.00,1000.00,G,G
1583,"Alize Russel",25524,1,,2556.00,1000.00,G,G
1584,"Freddie Stroman",95,1,,6930.00,1000.00,G,G
1585,"Carmela Ferry II",685,1,,2041.00,1000.00,G,G
1586,"Neva Farrell DDS",8390073,1,,186.00,1000.00,G,G
1587,"Scotty Ortiz",700090946,1,,1351.00,1000.00,G,G
1588,"Dr. Damaris D'Amore PhD",900897,1,,979.00,1000.00,G,G
1589,"Afton Mann",3,1,,120.00,1000.00,G,G
1590,"Mr. Eduardo Trantow",81,1,,7148.00,1000.00,G,G
1591,"Ms. Kamille Sipes",40,1,,2193.00,1000.00,G,G
1592,"Broderick Runte",3072,1,,9065.00,1000.00,G,G
1593,"Haven Reynolds I",14424,1,,4947.00,1000.00,G,G
1594,"Tracey Wisozk V",86614,1,,2954.00,1000.00,G,G
1595,"Rosetta Ryan",5427,1,,4785.00,1000.00,G,G
1596,"Corene Stokes",808175230,1,,196.00,1000.00,G,G
1597,"Kiana Kautzer",4107,1,,4403.00,1000.00,G,G
1598,"Frank Wintheiser I",861,1,,2003.00,1000.00,G,G
1599,"Arjun Balistreri",6,1,,3890.00,1000.00,G,G
1600,"Ms. Naomi Yundt I",5,1,,2479.00,1000.00,G,G
1601,"Mr. Houston Leffler",179829410,1,,8883.00,1000.00,G,G
1602,"Miss Adrianna Lakin",1,1,,4119.00,1000.00,G,G
1603,"Prof. Ahmad Boyer",89492,1,,3467.00,1000.00,G,G
1604,"Laila Little",17152098,1,,5326.00,1000.00,G,G
1605,"Bette Thiel",6,1,,3510.00,1000.00,G,G
1606,"Ellsworth Price",434942,1,,8781.00,1000.00,G,G
1607,"Abdul Rohan",415,1,,8987.00,1000.00,G,G
1608,"Lincoln Konopelski",827317,1,,5206.00,1000.00,G,G
1609,"Austin Jones MD",14926,1,,3777.00,1000.00,G,G
1610,"Jocelyn Purdy",89,1,,8801.00,1000.00,G,G
1611,"Edison Monahan",3847,1,,865.00,1000.00,G,G
1612,"Wilma Gislason V",75,1,,7059.00,1000.00,G,G
1613,"Braeden Gerlach",884198,1,,3660.00,1000.00,G,G
1614,"Prof. Lizeth Fritsch II",23016728,1,,1652.00,1000.00,G,G
1615,"Rosie Schmidt Jr.",77545,1,,4320.00,1000.00,G,G
1616,"River Bartell",37315,1,,1371.00,1000.00,G,G
1617,"Cecile Pollich Sr.",30,1,,5141.00,1000.00,G,G
1618,"Jaron Grimes",494438207,1,,908.00,1000.00,G,G
1619,"Ivah Lueilwitz",58502,1,,6312.00,1000.00,G,G
1620,"Dr. Donnell Reilly Jr.",17044179,1,,5621.00,1000.00,G,G
1621,"Luna Considine",72,1,,5186.00,1000.00,G,G
1622,"Makenzie Stokes",66621693,1,,3247.00,1000.00,G,G
1623,"Prof. Raoul Miller",516306,1,,3438.00,1000.00,G,G
1624,"Ivory Stokes",87,1,,6853.00,1000.00,G,G
1625,"Cole Kovacek",4,1,,6435.00,1000.00,G,G
1626,"Lucile Pagac PhD",19413,1,,6217.00,1000.00,G,G
1627,"Leda Hartmann",295857,1,,6444.00,1000.00,G,G
1628,"Edwina Klocko Jr.",14144022,1,,8932.00,1000.00,G,G
1629,"Lorenza Mayert",721,1,,5557.00,1000.00,G,G
1630,"Demond Jacobs",58201462,1,,1553.00,1000.00,G,G
1631,"Prof. Kamryn Littel",3,1,,4016.00,1000.00,G,G
1632,"Ms. Heaven Hauck IV",6,1,,1928.00,1000.00,G,G
1633,"Reina Padberg",719309,1,,5230.00,1000.00,G,G
1634,"Estefania Berge",14966132,1,,89.00,1000.00,G,G
1635,"Carey Friesen",84192620,1,,3178.00,1000.00,G,G
1636,"Jennifer Wuckert",61222972,1,,3585.00,1000.00,G,G
1637,"Heidi Stracke",43461,1,,965.00,1000.00,G,G
1638,"Mr. Garrison Mayert",335329454,1,,3999.00,1000.00,G,G
1639,"Deondre Wiza",7579520,1,,4285.00,1000.00,G,G
1640,"Johnathan Mann PhD",96,1,,2642.00,1000.00,G,G
1641,"Dr. Margarett Jaskolski PhD",4946,1,,3100.00,1000.00,G,G
1642,"Sebastian Pfannerstill",165,1,,9586.00,1000.00,G,G
1643,"Jewel Osinski DDS",178541,1,,9940.00,1000.00,G,G
1644,"Hilbert Dach MD",6357409,1,,5086.00,1000.00,G,G
1645,"Regan Graham",0,1,,4967.00,1000.00,G,G
1646,"Prof. Emmalee Sipes IV",840,1,,6144.00,1000.00,G,G
1647,"Vanessa Nader",58270561,1,,214.00,1000.00,G,G
1648,"Dr. Jana Pfeffer",17250026,1,,6776.00,1000.00,G,G
1649,"Coty Rogahn",642,1,,3005.00,1000.00,G,G
1650,"Prof. Leopold Eichmann",907701,1,,2513.00,1000.00,G,G
1651,"Millie Johnston DVM",3973,1,,23.00,1000.00,G,G
1652,"Kayleigh Morar",211332,1,,1373.00,1000.00,G,G
1653,"Treva Weber DVM",623543493,1,,4585.00,1000.00,G,G
1654,"Emelie Stiedemann",41,1,,627.00,1000.00,G,G
1655,"Dr. Jedediah Vandervort DVM",75054002,1,,6612.00,1000.00,G,G
1656,"Lucius Lebsack",312993484,1,,4772.00,1000.00,G,G
1657,"Dr. Julio Hermiston II",283,1,,3139.00,1000.00,G,G
1658,"Maybell Haley",7,1,,753.00,1000.00,G,G
1659,"Daisy Kihn",7382775,1,,5159.00,1000.00,G,G
1660,"Krystel Weissnat",82460527,1,,6799.00,1000.00,G,G
1661,"Kaylee Zieme",8664,1,,4322.00,1000.00,G,G
1662,"Miss Ernestine Gulgowski",727423693,1,,8225.00,1000.00,G,G
1663,"Nils Feil",1,1,,2729.00,1000.00,G,G
1664,"Johnnie McGlynn",264392,1,,9621.00,1000.00,G,G
1665,"Dr. Mackenzie Prohaska Sr.",696268650,1,,7216.00,1000.00,G,G
1666,"Ms. Vicky Friesen Jr.",3945,1,,1425.00,1000.00,G,G
1667,"Dr. Werner Lang IV",9513,1,,2167.00,1000.00,G,G
1668,"Lela Runte",3460,1,,8604.00,1000.00,G,G
1669,"Kavon Lang",53654,1,,93.00,1000.00,G,G
1670,"Prof. Kristofer Ullrich DDS",360718253,1,,2507.00,1000.00,G,G
1671,"Braden Roberts",3,1,,4375.00,1000.00,G,G
1672,"Prof. Jillian Parker III",5,1,,1354.00,1000.00,G,G
1673,"Dr. Maud Russel",1546,1,,6638.00,1000.00,G,G
1674,"Lon Kuhn",976288405,1,,2312.00,1000.00,G,G
1675,"Maudie Braun",68351,1,,5762.00,1000.00,G,G
1676,"Elroy Langworth",349474,1,,8057.00,1000.00,G,G
1677,"Jessika Wyman",42405097,1,,7736.00,1000.00,G,G
1678,"Keagan Cormier",601,1,,5395.00,1000.00,G,G
1679,"Otha Leannon",69,1,,9672.00,1000.00,G,G
1680,"Kamron Gutkowski I",9,1,,8105.00,1000.00,G,G
1681,"Adela Romaguera",283,1,,2216.00,1000.00,G,G
1682,"Dr. Josue Willms IV",81389,1,,7443.00,1000.00,G,G
1683,"Otto White",1,1,,3403.00,1000.00,G,G
1684,"Magnolia Lowe",64630159,1,,8027.00,1000.00,G,G
1685,"Newell Homenick IV",7846096,1,,2238.00,1000.00,G,G
1686,"Uriel Collins II",5851,1,,6225.00,1000.00,G,G
1687,"Ms. Fabiola Gerhold IV",453,1,,4375.00,1000.00,G,G
1688,"Megane Rempel",7,1,,6142.00,1000.00,G,G
1689,"Cristian Prosacco",393,1,,989.00,1000.00,G,G
1690,"Velma Larson",797,1,,5654.00,1000.00,G,G
1691,"Laury Koss",812539397,1,,6981.00,1000.00,G,G
1692,"Elmore Rutherford",10,1,,4337.00,1000.00,G,G
1693,"Miss Naomie Cassin",72,1,,57.00,1000.00,G,G
1694,"Dr. Candido Bashirian",66,1,,2602.00,1000.00,G,G
1695,"Edmond Feil",54978119,1,,658.00,1000.00,G,G
1696,"Mr. Benjamin McDermott V",53465,1,,5314.00,1000.00,G,G
1697,"Josianne Goodwin",98509426,1,,622.00,1000.00,G,G
1698,"Dejon Kuhic",991106281,1,,2746.00,1000.00,G,G
1699,"Retta Cremin",0,1,,7584.00,1000.00,G,G
1700,"Prof. Dustin Von DVM",73200193,1,,7856.00,1000.00,G,G
1701,"Danyka Howe",876,1,,2991.00,1000.00,G,G
1702,"Tate Trantow",2252804,1,,5522.00,1000.00,G,G
1703,"Era Krajcik",712978885,1,,8460.00,1000.00,G,G
1704,"Jamison Schuppe DVM",537,1,,8734.00,1000.00,G,G
1705,"Mrs. Heloise Spinka V",6652,1,,6257.00,1000.00,G,G
1706,"Zachery Lindgren",821,1,,5009.00,1000.00,G,G
1707,"Conor Stehr",1719,1,,4021.00,1000.00,G,G
1708,"Kameron Johns Sr.",8492651,1,,4682.00,1000.00,G,G
1709,"Reagan Goyette",5593320,1,,5828.00,1000.00,G,G
1710,"Tiffany Kozey",732469,1,,5533.00,1000.00,G,G
1711,"Beth Considine",526534,1,,6449.00,1000.00,G,G
1712,"Arno Konopelski",334,1,,3127.00,1000.00,G,G
1713,"Alexanne Jenkins PhD",72173841,1,,143.00,1000.00,G,G
1714,"Jovan Braun",32225105,1,,1071.00,1000.00,G,G
1715,"Nella Quigley",575826,1,,7501.00,1000.00,G,G
1716,"Corene Batz",1543700,1,,6001.00,1000.00,G,G
1717,"Mr. Jeromy Hegmann Jr.",511876226,1,,4011.00,1000.00,G,G
1718,"Halie Gorczany",160666889,1,,3029.00,1000.00,G,G
1719,"Dr. Haskell Borer DVM",698,1,,5432.00,1000.00,G,G
1720,"Shanny Conn",400246690,1,,6014.00,1000.00,G,G
1721,"Grover Leuschke",351434,1,,2320.00,1000.00,G,G
1722,"Lou McKenzie",7706,1,,1402.00,1000.00,G,G
1723,"Garland Zboncak I",18546125,1,,5327.00,1000.00,G,G
1724,"Lon Rohan DDS",60,1,,4124.00,1000.00,G,G
1725,"Reanna Kozey",508,1,,6487.00,1000.00,G,G
1726,"Arne Ebert Sr.",60,1,,7281.00,1000.00,G,G
1727,"Broderick Sporer",85,1,,7774.00,1000.00,G,G
1728,"Prof. Stephon Nicolas",59041658,1,,1316.00,1000.00,G,G
1729,"Cade Hauck",112,1,,2732.00,1000.00,G,G
1730,"Taryn Stracke",74,1,,6046.00,1000.00,G,G
1731,"Alfredo Emard",9425817,1,,7562.00,1000.00,G,G
1732,"Dr. Toney Ortiz DVM",5925240,1,,8837.00,1000.00,G,G
1733,"Mrs. Josiane Williamson IV",125176,1,,6898.00,1000.00,G,G
1734,"Kaela Upton",54478149,1,,1293.00,1000.00,G,G
1735,"Norval Hermann",763,1,,3554.00,1000.00,G,G
1736,"Mohamed Schmidt",75275,1,,3349.00,1000.00,G,G
1737,"Dr. Terrence Goyette",7933,1,,4509.00,1000.00,G,G
1738,"Maria Kerluke",88583122,1,,3392.00,1000.00,G,G
1739,"Nathanial Bogan",134051,1,,3354.00,1000.00,G,G
1740,"Prof. Rashad Pouros",1116164,1,,283.00,1000.00,G,G
1741,"Prof. Gust Hettinger Sr.",880701,1,,6829.00,1000.00,G,G
1742,"Janie Zemlak",749311363,1,,1779.00,1000.00,G,G
1743,"Freda Leffler",954,1,,78.00,1000.00,G,G
1744,"Dr. Ignatius Fadel",14695532,1,,3257.00,1000.00,G,G
1745,"Ms. Dejah Greenfelder",802878748,1,,7082.00,1000.00,G,G
1746,"Marquise Nitzsche",405350,1,,2129.00,1000.00,G,G
1747,"Darion Rice",32,1,,2583.00,1000.00,G,G
1748,"Ms. Gregoria Hyatt",39301831,1,,5395.00,1000.00,G,G
1749,"Prof. Margie Bayer",9,1,,358.00,1000.00,G,G
1750,"Ms. Estel Mann",409548,1,,5158.00,1000.00,G,G
1751,"Nash Kulas",59,1,,6678.00,1000.00,G,G
1752,"Electa Tremblay DDS",9,1,,9072.00,1000.00,G,G
1753,"Keyshawn Schuppe",1,1,,9599.00,1000.00,G,G
1754,"Mrs. Ines Cole V",6462919,1,,1236.00,1000.00,G,G
1755,"Wilfredo Streich",570131880,1,,3008.00,1000.00,G,G
1756,"Kendrick Reichert",88,1,,2266.00,1000.00,G,G
1757,"Kelli Rice",13860552,1,,6295.00,1000.00,G,G
1758,"Dr. Justina Maggio",325,1,,5680.00,1000.00,G,G
1759,"Mr. Manuela Pagac",213182,1,,9032.00,1000.00,G,G
1760,"Dr. Tracey Ward Jr.",2,1,,108.00,1000.00,G,G
1761,"Prof. Hertha Ebert",70758,1,,2004.00,1000.00,G,G
1762,"Miss Aryanna Harris III",7,1,,4464.00,1000.00,G,G
1763,"Prof. Jaunita Metz",575849,1,,9270.00,1000.00,G,G
1764,"Dr. Billy Rath II",7215,1,,1393.00,1000.00,G,G
1765,"Jacey Nitzsche",125,1,,3752.00,1000.00,G,G
1766,"Troy Sanford",97516850,1,,1202.00,1000.00,G,G
1767,"Adrianna Leuschke",241202,1,,3430.00,1000.00,G,G
1768,"Lennie Funk",187398056,1,,608.00,1000.00,G,G
1769,"Mollie Mertz",89,1,,542.00,1000.00,G,G
1770,"Velva Kunze",990,1,,2822.00,1000.00,G,G
1771,"Noble Fay",928200993,1,,3494.00,1000.00,G,G
1772,"Marlene Torp",2102,1,,1779.00,1000.00,G,G
1773,"Miss Elena Waters IV",819,1,,5740.00,1000.00,G,G
1774,"Melba McClure",112,1,,8258.00,1000.00,G,G
1775,"Dr. Murray Block DVM",5,1,,6972.00,1000.00,G,G
1776,"Prof. Adan Daugherty DVM",44,1,,5920.00,1000.00,G,G
1777,"Mr. Jaron Fritsch",2769,1,,584.00,1000.00,G,G
1778,"Dr. Allan Ratke",94018,1,,673.00,1000.00,G,G
1779,"Robert Will",52891,1,,9520.00,1000.00,G,G
1780,"Lina Roob",85,1,,5516.00,1000.00,G,G
1781,"Carmen Koss",62,1,,2800.00,1000.00,G,G
1782,"Mr. Enid Sawayn DDS",32633713,1,,2604.00,1000.00,G,G
1783,"Rylan Rolfson",83495,1,,2497.00,1000.00,G,G
1784,"Unique Corwin",4,1,,5378.00,1000.00,G,G
1785,"Dylan Mills",7,1,,1602.00,1000.00,G,G
1786,"Kasandra Ebert",59766,1,,1854.00,1000.00,G,G
1787,"Grady Ledner",60630709,1,,4154.00,1000.00,G,G
1788,"Nia Sanford",2956,1,,6210.00,1000.00,G,G
1789,"Dakota Collins IV",75,1,,2545.00,1000.00,G,G
1790,"Sophie Tillman",267255568,1,,3614.00,1000.00,G,G
1791,"Letha DuBuque",3888,1,,5184.00,1000.00,G,G
1792,"Dr. Lew Mueller III",81,1,,5922.00,1000.00,G,G
1793,"Dr. Thad Cummerata",144,1,,9956.00,1000.00,G,G
1794,"Ethelyn Glover",152,1,,4566.00,1000.00,G,G
1795,"Elta Abernathy",50389,1,,7742.00,1000.00,G,G
1796,"Sydney Emard",398,1,,3467.00,1000.00,G,G
1797,"Lucius Christiansen",53148,1,,328.00,1000.00,G,G
1798,"Gisselle Fadel",81177516,1,,2195.00,1000.00,G,G
1799,"Ms. Kaylin O'Connell DVM",2849,1,,9386.00,1000.00,G,G
1800,"Mikel Hill",60,1,,8263.00,1000.00,G,G
1801,"Kaela Nolan PhD",4576123,1,,2041.00,1000.00,G,G
1802,"Prof. Alexzander Luettgen DDS",69410,1,,7387.00,1000.00,G,G
1803,"Miss Kaia Reichel",43935,1,,1480.00,1000.00,G,G
1804,"Mr. Gregg Predovic",7361,1,,3816.00,1000.00,G,G
1805,"Damian Stroman III",57,1,,4069.00,1000.00,G,G
1806,"Abigayle Hettinger",366411,1,,6225.00,1000.00,G,G
1807,"Thad Mueller",86,1,,4648.00,1000.00,G,G
1808,"Anabel Kemmer",274500,1,,8610.00,1000.00,G,G
1809,"Brooke Jacobi",72,1,,7130.00,1000.00,G,G
1810,"Dr. Candelario Harber",385,1,,9789.00,1000.00,G,G
1811,"Annabelle Simonis",1,1,,5600.00,1000.00,G,G
1812,"Ally Gutmann",253688713,1,,8149.00,1000.00,G,G
1813,"Celia Volkman I",3268071,1,,6835.00,1000.00,G,G
1814,"Miss Tatyana Hackett",782004,1,,1240.00,1000.00,G,G
1815,"Dr. Esperanza Tromp DVM",51,1,,1699.00,1000.00,G,G
1816,"Loma Schultz",642510017,1,,1722.00,1000.00,G,G
1817,"Orrin Runolfsdottir",6380259,1,,7864.00,1000.00,G,G
1818,"Dessie Huels",6195,1,,1773.00,1000.00,G,G
1819,"Amaya Collier",9048,1,,6861.00,1000.00,G,G
1820,"Erna O'Keefe V",6329,1,,9112.00,1000.00,G,G
1821,"Kacey Fadel IV",373251,1,,5977.00,1000.00,G,G
1822,"Samantha Bechtelar PhD",3116506,1,,4103.00,1000.00,G,G
1823,"Guadalupe Hayes",9490,1,,2996.00,1000.00,G,G
1824,"Mayra Hermiston",6,1,,1580.00,1000.00,G,G
1825,"Ms. Jayne Mohr",271138,1,,3822.00,1000.00,G,G
1826,"Heloise Schimmel",33,1,,5475.00,1000.00,G,G
1827,"Dr. Hadley Bernier III",73488,1,,9615.00,1000.00,G,G
1828,"Prof. Alvah Mosciski",639044939,1,,4313.00,1000.00,G,G
1829,"Brandy Schmeler",666880191,1,,3887.00,1000.00,G,G
1830,"Mrs. Anastasia Quitzon V",4,1,,6845.00,1000.00,G,G
1831,"Vicente Miller",53397002,1,,9485.00,1000.00,G,G
1832,"Dr. Lucious Smith IV",420647506,1,,9218.00,1000.00,G,G
1833,"Mollie Homenick",9591,1,,6095.00,1000.00,G,G
1834,"Keenan Wunsch",23319245,1,,1943.00,1000.00,G,G
1835,"Reinhold Bayer PhD",40965611,1,,3552.00,1000.00,G,G
1836,"Destini Little",427512,1,,2487.00,1000.00,G,G
1837,"Miss Dora Swaniawski",30330774,1,,8931.00,1000.00,G,G
1838,"Prof. Beverly Hudson III",32416828,1,,9305.00,1000.00,G,G
1839,"Emelia Goodwin",68,1,,9829.00,1000.00,G,G
1840,"Marina Rutherford",851729098,1,,4581.00,1000.00,G,G
1841,"Miss Arielle Kilback",5777,1,,600.00,1000.00,G,G
1842,"Prof. Virginia Osinski",70107,1,,3256.00,1000.00,G,G
1843,"Kaitlin Hauck",559174257,1,,4502.00,1000.00,G,G
1844,"Miss Vivian Flatley V",7829,1,,2121.00,1000.00,G,G
1845,"Tracy Ullrich Jr.",994917,1,,1806.00,1000.00,G,G
1846,"Dr. Elza Heaney",542374318,1,,8108.00,1000.00,G,G
1847,"Ms. Lue Bergstrom",935624134,1,,6467.00,1000.00,G,G
1848,"Mohamed Kuhlman",929824,1,,8373.00,1000.00,G,G
1849,"Joaquin Cartwright PhD",7741,1,,4074.00,1000.00,G,G
1850,"Dr. Vladimir Nitzsche PhD",16,1,,3639.00,1000.00,G,G
1851,"Clair Larkin",151081654,1,,9896.00,1000.00,G,G
1852,"Caleb Kutch",839277,1,,9834.00,1000.00,G,G
1853,"Prof. Isabel Schimmel Sr.",7112069,1,,4214.00,1000.00,G,G
1854,"Taya Klein",7,1,,5271.00,1000.00,G,G
1855,"Daphney Gerhold",724304,1,,3697.00,1000.00,G,G
1856,"Kaleb Stoltenberg I",7034,1,,9454.00,1000.00,G,G
1857,"Glenda Christiansen",70799,1,,5292.00,1000.00,G,G
1858,"Chloe Bartoletti",20265,1,,7648.00,1000.00,G,G
1859,"Prof. Lurline Homenick I",9564,1,,2190.00,1000.00,G,G
1860,"Aric Schultz",8,1,,3320.00,1000.00,G,G
1861,"Eileen Schamberger",8115059,1,,7150.00,1000.00,G,G
1862,"Clinton Walker",348164,1,,4970.00,1000.00,G,G
1863,"Miss Hannah Schoen PhD",57169,1,,4314.00,1000.00,G,G
1864,"Mr. Skylar Skiles",73,1,,4615.00,1000.00,G,G
1865,"Orin Jenkins",95701,1,,9107.00,1000.00,G,G
1866,"Daisy O'Reilly",6127,1,,8853.00,1000.00,G,G
1867,"Preston Fritsch",2,1,,6511.00,1000.00,G,G
1868,"Laurel Cassin",30,1,,6261.00,1000.00,G,G
1869,"Mr. William Franecki",1,1,,1667.00,1000.00,G,G
1870,"Dr. Gideon Williamson DDS",932067987,1,,8101.00,1000.00,G,G
1871,"Dr. Reanna Hessel Sr.",7913340,1,,9617.00,1000.00,G,G
1872,"Prof. Alberto Schinner",6987657,1,,4848.00,1000.00,G,G
1873,"Mitchell Waelchi",198,1,,7086.00,1000.00,G,G
1874,"Miss Marquise Swift",71205890,1,,1070.00,1000.00,G,G
1875,"Scarlett Ullrich",256,1,,4744.00,1000.00,G,G
1876,"Neal Crooks PhD",40203,1,,440.00,1000.00,G,G
1877,"Weston VonRueden",88614320,1,,5482.00,1000.00,G,G
1878,"Noemie Wuckert",76,1,,4061.00,1000.00,G,G
1879,"Dr. Evans Witting",50266,1,,18.00,1000.00,G,G
1880,"Prof. Cassandre Ziemann MD",658,1,,8261.00,1000.00,G,G
1881,"Ms. Aletha Boyle",6,1,,4770.00,1000.00,G,G
1882,"Rickey Franecki",432,1,,8679.00,1000.00,G,G
1883,"Zoe Graham III",498,1,,4489.00,1000.00,G,G
1884,"Rosina Skiles IV",694400960,1,,9001.00,1000.00,G,G
1885,"Candice Mosciski",833229608,1,,1496.00,1000.00,G,G
1886,"Johathan Mohr",69,1,,4369.00,1000.00,G,G
1887,"Ms. Shany Emmerich",11360843,1,,502.00,1000.00,G,G
1888,"Amber Metz",37,1,,1383.00,1000.00,G,G
1889,"Nikolas Erdman",98,1,,8130.00,1000.00,G,G
1890,"Oscar Becker",598,1,,712.00,1000.00,G,G
1891,"Ms. Leda Rolfson MD",61087,1,,6005.00,1000.00,G,G
1892,"Sarah Hamill",32370287,1,,349.00,1000.00,G,G
1893,"Mya Schmeler",49155801,1,,1328.00,1000.00,G,G
1894,"Mr. Caesar Hansen",4,1,,8869.00,1000.00,G,G
1895,"Mr. Jabari Hills",81892,1,,4298.00,1000.00,G,G
1896,"Grayce Breitenberg",7,1,,7324.00,1000.00,G,G
1897,"Ms. Delpha Lowe",5950,1,,6009.00,1000.00,G,G
1898,"Roderick Fritsch",962592112,1,,1407.00,1000.00,G,G
1899,"Mrs. Maya Russel",69,1,,6468.00,1000.00,G,G
1900,"Kaylah Terry II",520563,1,,5389.00,1000.00,G,G
1901,"Esperanza Kassulke",7747710,1,,5665.00,1000.00,G,G
1902,"Van Schmidt",4908695,1,,7647.00,1000.00,G,G
1903,"Eveline Anderson",742639,1,,3653.00,1000.00,G,G
1904,"Corine Hansen PhD",846962,1,,1121.00,1000.00,G,G
1905,"Shayna Schimmel",867,1,,5049.00,1000.00,G,G
1906,"Prof. Americo Nikolaus",52261,1,,6737.00,1000.00,G,G
1907,"Mac Sipes",57424924,1,,3859.00,1000.00,G,G
1908,"Pedro Kertzmann",156985667,1,,7585.00,1000.00,G,G
1909,"Garrett Abbott",563402715,1,,9936.00,1000.00,G,G
1910,"Mr. Jaden Stiedemann V",103535,1,,9122.00,1000.00,G,G
1911,"Maxime Gleason PhD",58979215,1,,8461.00,1000.00,G,G
1912,"Kian Beier",868370390,1,,1737.00,1000.00,G,G
1913,"Brown McGlynn DDS",97388162,1,,6955.00,1000.00,G,G
1914,"Ms. Cynthia Tromp V",34531914,1,,3106.00,1000.00,G,G
1915,"Prof. Esmeralda Prosacco",824486203,1,,4284.00,1000.00,G,G
1916,"Michelle Miller",35710,1,,4774.00,1000.00,G,G
1917,"Sienna Schulist",5,1,,6156.00,1000.00,G,G
1918,"Thaddeus Nienow II",319358857,1,,3384.00,1000.00,G,G
1919,"Dr. Lukas McGlynn I",10033,1,,3340.00,1000.00,G,G
1920,"Allison Douglas",8239,1,,9943.00,1000.00,G,G
1921,"Rocky Stokes",654,1,,2710.00,1000.00,G,G
1922,"Aron Bernhard",5383768,1,,2412.00,1000.00,G,G
1923,"Brenden Nitzsche",47711234,1,,5398.00,1000.00,G,G
1924,"Isaac Wunsch DVM",2892689,1,,2028.00,1000.00,G,G
1925,"Mr. Brennan Ullrich III",338514646,1,,5004.00,1000.00,G,G
1926,"Gertrude Tromp",418803701,1,,8082.00,1000.00,G,G
1927,"Prof. Rick Hudson Jr.",3,1,,8328.00,1000.00,G,G
1928,"Hailey Barrows",298676,1,,1319.00,1000.00,G,G
1929,"Matt Gorczany",27452567,1,,429.00,1000.00,G,G
1930,"Marguerite Kshlerin",4,1,,5497.00,1000.00,G,G
1931,"Kira Gislason",712675615,1,,9793.00,1000.00,G,G
1932,"Tessie Keeling",108,1,,4515.00,1000.00,G,G
1933,"Catalina Heller",47132687,1,,4123.00,1000.00,G,G
1934,"Miss Alaina Boyer",1775,1,,8821.00,1000.00,G,G
1935,"Colin Leffler",257397830,1,,1469.00,1000.00,G,G
1936,"Daron Kris",402,1,,1321.00,1000.00,G,G
1937,"Monserrate Schumm",5,1,,9860.00,1000.00,G,G
1938,"Ms. Orpha Parisian",643,1,,5374.00,1000.00,G,G
1939,"Karine Trantow V",68,1,,4985.00,1000.00,G,G
1940,"Prof. Hope Schamberger V",222082,1,,1384.00,1000.00,G,G
1941,"Armand Friesen",6804,1,,3743.00,1000.00,G,G
1942,"Mittie Green",316964194,1,,3531.00,1000.00,G,G
1943,"Francesco Kris",61,1,,621.00,1000.00,G,G
1944,"Berneice Bergnaum",8,1,,8131.00,1000.00,G,G
1945,"Raven Jast",0,1,,4013.00,1000.00,G,G
1946,"Aurelia Mayert",5,1,,4571.00,1000.00,G,G
1947,"Meggie Muller V",661,1,,390.00,1000.00,G,G
1948,"Dr. Claud Wilderman DDS",10952,1,,266.00,1000.00,G,G
1949,"Nat Abshire",663,1,,1291.00,1000.00,G,G
1950,"Mr. Jules Corwin Sr.",816751,1,,2621.00,1000.00,G,G
1951,"Ophelia Hackett III",1,1,,7046.00,1000.00,G,G
1952,"Matilda Shanahan",34,1,,8229.00,1000.00,G,G
1953,"Margot Weber III",84317564,1,,1837.00,1000.00,G,G
1954,"Dr. Nathan Leannon II",490131,1,,9009.00,1000.00,G,G
1955,"Dr. Matt Abernathy",8913,1,,2557.00,1000.00,G,G
1956,"Garret Halvorson",532250,1,,9941.00,1000.00,G,G
1957,"Ms. Opal Auer",47247974,1,,2882.00,1000.00,G,G
1958,"Mr. Brain Ziemann II",3720,1,,4576.00,1000.00,G,G
1959,"Kirk Wintheiser",69576,1,,5358.00,1000.00,G,G
1960,"Miss Ava Daniel Sr.",972948,1,,777.00,1000.00,G,G
1961,"Stephania Bogan",943,1,,5949.00,1000.00,G,G
1962,"Mr. Jordon Murazik V",38063613,1,,5960.00,1000.00,G,G
1963,"Winifred Abshire",7429453,1,,1987.00,1000.00,G,G
1964,"Demond Stiedemann",5313833,1,,560.00,1000.00,G,G
1965,"Laurie Ebert",731673270,1,,9008.00,1000.00,G,G
1966,"Shanel Lindgren DDS",654656057,1,,3801.00,1000.00,G,G
1967,"Prof. Genevieve Bode",76,1,,568.00,1000.00,G,G
1968,"Vicente Rodriguez PhD",53234,1,,2454.00,1000.00,G,G
1969,"Alfred McLaughlin",1990,1,,1070.00,1000.00,G,G
1970,"Terrell Thompson",51238854,1,,8399.00,1000.00,G,G
1971,"Clare Schimmel Sr.",24,1,,7013.00,1000.00,G,G
1972,"Lavinia Stanton",5,1,,6283.00,1000.00,G,G
1973,"Riley Konopelski DVM",4818,1,,1957.00,1000.00,G,G
1974,"Mr. Mikel Fritsch",2,1,,7950.00,1000.00,G,G
1975,"Reina Rosenbaum",44708052,1,,1016.00,1000.00,G,G
1976,"Dolly Kunze",97,1,,6656.00,1000.00,G,G
1977,"Winona Greenfelder",84021,1,,3062.00,1000.00,G,G
1978,"Jacey Boyer",91708,1,,9667.00,1000.00,G,G
1979,"Laurence Wiza",42602387,1,,4342.00,1000.00,G,G
1980,"Mr. Camryn Raynor",950203,1,,3146.00,1000.00,G,G
1981,"Madeline Gerlach DDS",498326,1,,1116.00,1000.00,G,G
1982,"Lurline Beer",80,1,,6925.00,1000.00,G,G
1983,"Kara Reilly",504,1,,198.00,1000.00,G,G
1984,"Halle Eichmann",14848623,1,,2416.00,1000.00,G,G
1985,"Margarita Koelpin",2606750,1,,9599.00,1000.00,G,G
1986,"Warren Gibson",6777,1,,4979.00,1000.00,G,G
1987,"Otilia Ernser",912,1,,4335.00,1000.00,G,G
1988,"Makenzie Turner",41,1,,821.00,1000.00,G,G
1989,"Selena Douglas",58101,1,,8180.00,1000.00,G,G
1990,"Prof. Rhianna Borer V",42546146,1,,3422.00,1000.00,G,G
1991,"Dr. Rhiannon Kilback",9,1,,2604.00,1000.00,G,G
1992,"Elisabeth Mayert",806303,1,,8603.00,1000.00,G,G
1993,"Elian Gibson",78067154,1,,3348.00,1000.00,G,G
1994,"Mafalda Kassulke",76538,1,,7589.00,1000.00,G,G
1995,"Adella Kling",854135986,1,,8383.00,1000.00,G,G
1996,"Mabel Mante",9358917,1,,9457.00,1000.00,G,G
1997,"Keara Murphy",8475,1,,9037.00,1000.00,G,G
1998,"Raina Bartell Sr.",3787,1,,9667.00,1000.00,G,G
1999,"Prof. Joshuah Champlin II",782,1,,9612.00,1000.00,G,G
2000,"Ms. Thora Rohan",0,1,,9142.00,1000.00,G,G
2001,"red chappel",8533600745,1,1200.00,1500.00,1000.00,Unit,Unit
2002,brandy,200284453,1,1500.00,1700.00,1000.00,Unit,Unit
2003,"without variants",6742824406,1,190.00,600.00,1000.00,Unit,Unit
2004,"Croc shoes",9479010285,1,1200.00,1500.00,1000.00,Unit,Unit
2005,biscuit,3574002239,1,100.00,120.00,1000.00,Unit,Unit
2006,"New item",230088071,1,250.00,300.00,1000.00,Unit,Unit
