ID,Name,Barcode,"Base quantity",Available,"Purchase price","Sale price",Category,"Available Quantity",Unit,"Short code"
15159,"Erik Oberbrunner I",4184,1,1,,9720.00,Main,1000.00,G,1
15160,"Laverne Ryan",63441617,1,1,,5733.00,Main,1000.00,G,2
15161,"Korbin Heathcote Jr.",6,1,1,,8453.00,Main,1000.00,G,3
15162,"Dr. Werner Smith IV",104,1,1,,2175.00,Main,1000.00,G,4
15163,"Marielle Zemlak",7414692,1,1,,8189.00,Main,1000.00,G,5
15164,"Miss Bettye Bechtelar",239098,1,1,,1226.00,Main,1000.00,G,6
15165,"Elisa Rodriguez",19330,1,1,,7545.00,Main,1000.00,G,7
15166,"Mr. Lemuel Jacobson",7782155,1,1,,6936.00,Main,1000.00,G,8
15167,"Dr. Deon Skiles IV",9,1,1,,4183.00,Main,1000.00,G,9
15168,"Dr. Cindy Renner",8,1,1,,3938.00,Main,1000.00,G,10
15169,"Dr. Dahlia Emmerich I",5,1,1,,1613.00,Main,1000.00,G,11
15170,"Laverna Huel PhD",2318521,1,1,,2364.00,Main,1000.00,G,12
15171,"Dr. Casper Cormier",21617,1,1,,6090.00,Main,1000.00,G,13
15172,"Mr. Dashawn Hermiston",4,1,1,,5818.00,Main,1000.00,G,14
15173,"Colt Tremblay",7501791,1,1,,9290.00,Main,1000.00,G,15
15174,"Delmer Padberg",410983,1,1,,2922.00,Main,1000.00,G,16
15175,"Dr. Cade Thompson Sr.",1110,1,1,,3883.00,Main,1000.00,G,17
15176,"Tre Jerde Jr.",617,1,1,,3930.00,Main,1000.00,G,18
15177,"Dr. Zella Dach",9,1,1,,9343.00,Main,1000.00,G,19
15178,"Christa Feeney",19,1,1,,4921.00,Main,1000.00,G,20
15179,"Miss Fae Eichmann II",3893761,1,1,,617.00,Main,1000.00,G,21
15180,"Leanna DuBuque",33,1,1,,7300.00,Main,1000.00,G,22
15181,"Margie Treutel",73080,1,1,,5367.00,Main,1000.00,G,23
15182,"Hilma Gibson",112755976,1,1,,2455.00,Main,1000.00,G,24
15183,"Mr. Alexie Rau II",892892113,1,1,,1304.00,Main,1000.00,G,25
15184,"Prof. Virginie Collins",548,1,1,,9942.00,Main,1000.00,G,26
15185,"Dr. Viva Beer",591,1,1,,4718.00,Main,1000.00,G,27
15186,"Dr. Kevon Boehm",68083,1,1,,6308.00,Main,1000.00,G,28
15187,"Miss Jaida Stanton",1513,1,1,,5564.00,Main,1000.00,G,29
15188,"Haven Doyle",886965,1,1,,8494.00,Main,1000.00,G,30
15189,"Russell Cartwright",7,1,1,,1925.00,Main,1000.00,G,31
15190,"Prof. Jazmyne Prohaska II",76573,1,1,,4925.00,Main,1000.00,G,32
15191,"Tiffany Ferry",61367691,1,1,,5962.00,Main,1000.00,G,33
15192,"Neoma Friesen",9635,1,1,,9995.00,Main,1000.00,G,34
15193,"Rodrick DuBuque DDS",10,1,1,,1871.00,Main,1000.00,G,35
15194,"Chanel Greenfelder",7287,1,1,,8444.00,Main,1000.00,G,36
15195,"Dr. Annette Thiel DDS",7,1,1,,1552.00,Main,1000.00,G,37
15196,"Prof. Colleen Roberts MD",534184460,1,1,,1589.00,Main,1000.00,G,38
15197,"Duncan Bernier",859931,1,1,,8588.00,Main,1000.00,G,39
15198,"Lisa Becker",15,1,1,,7885.00,Main,1000.00,G,40
15199,"Prof. Daisy Bednar",39,1,1,,4200.00,Main,1000.00,G,41
15200,"Queenie Schulist",662429,1,1,,6732.00,Main,1000.00,G,42
15201,"Holly Hackett MD",9570358,1,1,,8921.00,Main,1000.00,G,43
15202,"Mrs. Elsa Champlin",47817,1,1,,496.00,Main,1000.00,G,44
15203,"Lavern Borer",0,1,1,,8221.00,Main,1000.00,G,45
15204,"Bettie Kemmer",679847,1,1,,9194.00,Main,1000.00,G,46
15205,"Prof. Dulce Mohr",35235,1,1,,3881.00,Main,1000.00,G,47
15206,"Prof. Alessandro Robel IV",50,1,1,,8386.00,Main,1000.00,G,48
15207,"Mr. Jaeden Schiller",1797,1,1,,5483.00,Main,1000.00,G,49
15208,"Prof. Ruben Considine II",881794858,1,1,,6930.00,Main,1000.00,G,50
15209,"Ms. Jalyn Eichmann",6201,1,1,,9987.00,Main,1000.00,G,51
15210,"Mrs. Haylie Beier",754470785,1,1,,8998.00,Main,1000.00,G,52
15211,"Richie Lesch",9,1,1,,5071.00,Main,1000.00,G,53
15212,"Mrs. Leola Doyle DVM",6080,1,1,,265.00,Main,1000.00,G,54
15213,"Harrison Macejkovic",93784057,1,1,,2397.00,Main,1000.00,G,55
15214,"Dr. Una Satterfield",36272,1,1,,2458.00,Main,1000.00,G,56
15215,"Prof. Gustave McGlynn",3,1,1,,5564.00,Main,1000.00,G,57
15216,"Will Predovic DVM",7,1,1,,8909.00,Main,1000.00,G,58
15217,"Bart Lang",51,1,1,,1506.00,Main,1000.00,G,59
15218,"Aliyah Keebler",8,1,1,,706.00,Main,1000.00,G,60
15219,"Enrico Waters",2,1,1,,5619.00,Main,1000.00,G,61
15220,"Reuben Spencer",109,1,1,,3036.00,Main,1000.00,G,62
15221,"Tyshawn Wilderman",236758426,1,1,,6227.00,Main,1000.00,G,63
15222,"Ms. Natalie Lesch MD",59968,1,1,,4767.00,Main,1000.00,G,64
15223,"Ed Luettgen",8632585,1,1,,4185.00,Main,1000.00,G,65
15224,"Leola Goodwin",40868001,1,1,,8656.00,Main,1000.00,G,66
15225,"Prof. Rene Wilkinson",75151,1,1,,4208.00,Main,1000.00,G,67
15226,"Maureen Schmitt",246129,1,1,,2214.00,Main,1000.00,G,68
15227,"Dulce Kertzmann",560515,1,1,,6089.00,Main,1000.00,G,69
15228,"Miss Alison Towne",232,1,1,,1863.00,Main,1000.00,G,70
15229,"Dr. Wilhelmine O'Conner",36345619,1,1,,1022.00,Main,1000.00,G,71
15230,"Prof. Blanche Labadie MD",2761159,1,1,,2299.00,Main,1000.00,G,72
15231,"Dr. Raheem Jenkins",776760,1,1,,1091.00,Main,1000.00,G,73
15232,"Lauriane Brakus",562,1,1,,1938.00,Main,1000.00,G,74
15233,"Turner Carter",50320,1,1,,9908.00,Main,1000.00,G,75
15234,"Dr. Alfreda Kunde Sr.",5474839,1,1,,256.00,Main,1000.00,G,76
15235,"Ima Lynch",8,1,1,,1929.00,Main,1000.00,G,77
15236,"Dr. Willie Bailey III",96777,1,1,,2169.00,Main,1000.00,G,78
15237,"Toby Walker",366511708,1,1,,2791.00,Main,1000.00,G,79
15238,"Janice Carter",55086,1,1,,4280.00,Main,1000.00,G,80
15239,"Darius Krajcik",444064292,1,1,,1351.00,Main,1000.00,G,81
15240,"Ilene Prosacco",741,1,1,,1274.00,Main,1000.00,G,82
15241,"Breanne Kessler",211466277,1,1,,831.00,Main,1000.00,G,83
15242,"Frederik Streich V",879429,1,1,,2119.00,Main,1000.00,G,84
15243,"Edison Nienow",39,1,1,,4611.00,Main,1000.00,G,85
15244,"Claire Hansen",739,1,1,,9591.00,Main,1000.00,G,86
15245,"Robin King I",479,1,1,,9607.00,Main,1000.00,G,87
15246,"Elouise O'Connell",544,1,1,,9596.00,Main,1000.00,G,88
15247,"Josefina Konopelski",93575,1,1,,2604.00,Main,1000.00,G,89
15248,"Faye Lubowitz",31,1,1,,3076.00,Main,1000.00,G,90
15249,"Mrs. Golda Hammes V",127670944,1,1,,3110.00,Main,1000.00,G,91
15250,"Douglas Adams",963,1,1,,6233.00,Main,1000.00,G,92
15251,"Jaden Wyman",30541,1,1,,5185.00,Main,1000.00,G,93
15252,"Kali Dooley",42,1,1,,5320.00,Main,1000.00,G,94
15253,"David Metz",1408732,1,1,,5965.00,Main,1000.00,G,95
15254,"Bernard Gibson DVM",1,1,1,,8728.00,Main,1000.00,G,96
15255,"Thea Hickle Sr.",48472807,1,1,,8398.00,Main,1000.00,G,97
15256,"Ariane Grady",5577058,1,1,,5618.00,Main,1000.00,G,98
15257,"Kay Bechtelar",8353,1,1,,2848.00,Main,1000.00,G,99
15258,"Prof. Rahul Quigley V",73562114,1,1,,2750.00,Main,1000.00,G,100
15259,"Oma Maggio",17514262,1,1,,5965.00,Main,1000.00,G,101
15260,"Deron Braun",90,1,1,,3233.00,Main,1000.00,G,102
15261,"Edgardo Hermiston",2,1,1,,4435.00,Main,1000.00,G,103
15262,"Karson Swaniawski III",742875,1,1,,6889.00,Main,1000.00,G,104
15263,"Kitty Goyette",61,1,1,,277.00,Main,1000.00,G,105
15264,"Sigurd Schamberger I",319934857,1,1,,6439.00,Main,1000.00,G,106
15265,"Darlene Howe PhD",922359658,1,1,,2541.00,Main,1000.00,G,107
15266,"Adolf Bergnaum",42465,1,1,,2373.00,Main,1000.00,G,108
15267,"Demarco Smith",2121730,1,1,,6865.00,Main,1000.00,G,109
15268,"Alford Romaguera",29820,1,1,,3886.00,Main,1000.00,G,110
15269,"Mack Leffler",683407457,1,1,,3523.00,Main,1000.00,G,111
15270,"Kenna Gislason",80724020,1,1,,3422.00,Main,1000.00,G,112
15271,"Lilyan Weber II",31518,1,1,,2219.00,Main,1000.00,G,113
15272,"Lizzie Jakubowski",145,1,1,,8009.00,Main,1000.00,G,114
15273,"Malvina Hirthe",7303,1,1,,6188.00,Main,1000.00,G,115
15274,"Stephania Nader",976280,1,1,,4744.00,Main,1000.00,G,116
15275,"Gardner Schroeder",376680480,1,1,,8123.00,Main,1000.00,G,117
15276,"Ms. Mallie Pfannerstill",2900082,1,1,,6021.00,Main,1000.00,G,118
15277,"Jordon Farrell",8,1,1,,7528.00,Main,1000.00,G,119
15278,"Hulda Stanton",902,1,1,,8897.00,Main,1000.00,G,120
15279,"Genesis Towne",7200411,1,1,,9600.00,Main,1000.00,G,121
15280,"Eino Abernathy",19450,1,1,,6878.00,Main,1000.00,G,122
15281,"Letitia Labadie",78637,1,1,,6971.00,Main,1000.00,G,123
15282,"Macy Upton",16882258,1,1,,3546.00,Main,1000.00,G,124
15283,"Chelsie Simonis",80,1,1,,8807.00,Main,1000.00,G,125
15284,"Cassandre Jacobson",41394814,1,1,,5410.00,Main,1000.00,G,126
15285,"Gabrielle Boehm",3099,1,1,,6796.00,Main,1000.00,G,127
15286,"Prof. Albina Sporer",19,1,1,,3998.00,Main,1000.00,G,128
15287,"Alia Mueller",43,1,1,,5047.00,Main,1000.00,G,129
15288,"Jared Moen Sr.",9,1,1,,9690.00,Main,1000.00,G,130
15289,"Annabel Hansen",0,1,1,,3905.00,Main,1000.00,G,131
15290,"Jesus Fadel II",26,1,1,,2778.00,Main,1000.00,G,132
15291,"Ricardo Rohan",6,1,1,,8931.00,Main,1000.00,G,133
15292,"Miss Sadie Crist MD",839,1,1,,7787.00,Main,1000.00,G,134
15293,"Nasir Steuber",455949,1,1,,6180.00,Main,1000.00,G,135
15294,"Calista Luettgen",7499,1,1,,6194.00,Main,1000.00,G,136
15295,"Beryl Jast PhD",1231,1,1,,9232.00,Main,1000.00,G,137
15296,"Prof. Jennifer Schmitt DDS",8674001,1,1,,6468.00,Main,1000.00,G,138
15297,"Bella Gusikowski",2873,1,1,,685.00,Main,1000.00,G,139
15298,"Allen Pagac III",8,1,1,,8814.00,Main,1000.00,G,140
15299,"Andre Lockman",66,1,1,,5312.00,Main,1000.00,G,141
15300,"Jeremie Romaguera",451204396,1,1,,5226.00,Main,1000.00,G,142
15301,"Prof. Nico Nolan Sr.",86,1,1,,1048.00,Main,1000.00,G,143
15302,"Joana Cormier",4879466,1,1,,9591.00,Main,1000.00,G,144
15303,"Trey Gutmann Jr.",4210,1,1,,6526.00,Main,1000.00,G,145
15304,"Romaine Jerde",0,1,1,,4993.00,Main,1000.00,G,146
15305,"Mrs. Mariane Jacobi",8338943,1,1,,6987.00,Main,1000.00,G,147
15306,"Mason Bosco",58342531,1,1,,6906.00,Main,1000.00,G,148
15307,"Keyon Pollich",4068,1,1,,8865.00,Main,1000.00,G,149
15308,"Alison Zemlak",817,1,1,,5052.00,Main,1000.00,G,150
15309,"Prof. Cristopher Brakus",6261427,1,1,,2635.00,Main,1000.00,G,151
15310,"Dr. Flossie Miller III",4976,1,1,,1016.00,Main,1000.00,G,152
15311,"Vivianne Bartoletti Jr.",7814946,1,1,,5256.00,Main,1000.00,G,153
15312,"Agnes Buckridge",21,1,1,,1380.00,Main,1000.00,G,154
15313,"Allison Osinski",965,1,1,,3999.00,Main,1000.00,G,155
15314,"Ms. Shanon O'Reilly",5,1,1,,2600.00,Main,1000.00,G,156
15315,"Mr. Grayce Fadel DDS",7,1,1,,8020.00,Main,1000.00,G,157
15316,"Eryn Roberts",7,1,1,,1685.00,Main,1000.00,G,158
15317,"Prof. Kellie Mante",508592,1,1,,1541.00,Main,1000.00,G,159
15318,"Ms. Demetris Russel",14936633,1,1,,9185.00,Main,1000.00,G,160
15319,"Millie Schuppe I",5,1,1,,7011.00,Main,1000.00,G,161
15320,"Melvin Lockman",267592,1,1,,3860.00,Main,1000.00,G,162
15321,"Vivian Heaney",70,1,1,,4843.00,Main,1000.00,G,163
15322,"Liliane Conroy",5905598,1,1,,8530.00,Main,1000.00,G,164
15323,"Prof. Libbie Cronin",1,1,1,,7444.00,Main,1000.00,G,165
15324,"Dr. Clifton Howell",8646823,1,1,,428.00,Main,1000.00,G,166
15325,"Mr. Claud Goldner",96,1,1,,806.00,Main,1000.00,G,167
15326,"Meaghan Windler II",8536,1,1,,9047.00,Main,1000.00,G,168
15327,"Hank Boehm",6,1,1,,8010.00,Main,1000.00,G,169
15328,"Prof. Lempi Yundt",0,1,1,,2294.00,Main,1000.00,G,170
15329,"Owen Ruecker",2,1,1,,3381.00,Main,1000.00,G,171
15330,"Anika Wuckert",1764406,1,1,,9049.00,Main,1000.00,G,172
15331,"Maximilian Bernier",898835143,1,1,,4283.00,Main,1000.00,G,173
15332,"Devonte Kemmer II",315764,1,1,,9835.00,Main,1000.00,G,174
15333,"Mr. Mckenzie Johnson",913703,1,1,,3846.00,Main,1000.00,G,175
15334,"Miss Lola Haley I",652,1,1,,5811.00,Main,1000.00,G,176
15335,"Natalie Kunde",662024,1,1,,2846.00,Main,1000.00,G,177
15336,"Keira O'Kon",63,1,1,,1498.00,Main,1000.00,G,178
15337,"Heidi Weber",6,1,1,,6349.00,Main,1000.00,G,179
15338,"Walter Emard",14248973,1,1,,5434.00,Main,1000.00,G,180
15339,"Eliza Orn",63,1,1,,8413.00,Main,1000.00,G,181
15340,"Ms. Otilia Koch IV",6300221,1,1,,48.00,Main,1000.00,G,182
15341,"Mr. Santos Zulauf",3008149,1,1,,5905.00,Main,1000.00,G,183
15342,"Demetrius Friesen IV",8417386,1,1,,9245.00,Main,1000.00,G,184
15343,"Blair Wilderman",65,1,1,,2036.00,Main,1000.00,G,185
15344,"Dr. Gail Roob Sr.",0,1,1,,6727.00,Main,1000.00,G,186
15345,"Mrs. Esta Walker DDS",905,1,1,,4736.00,Main,1000.00,G,187
15346,"Marshall Batz",8493,1,1,,5907.00,Main,1000.00,G,188
15347,"Rebeka Corwin",309884454,1,1,,8587.00,Main,1000.00,G,189
15348,"Itzel Blanda",574820820,1,1,,6915.00,Main,1000.00,G,190
15349,"Prof. Shania Strosin I",49897,1,1,,5112.00,Main,1000.00,G,191
15350,"Nona Hammes MD",65882,1,1,,6975.00,Main,1000.00,G,192
15351,"Mohammed Dach",1,1,1,,781.00,Main,1000.00,G,193
15352,"Emmanuelle Brown IV",300,1,1,,1365.00,Main,1000.00,G,194
15353,"Kaylah DuBuque",20154408,1,1,,6051.00,Main,1000.00,G,195
15354,"Gordon Shields",130760481,1,1,,3272.00,Main,1000.00,G,196
15355,"Torey Cruickshank Sr.",8,1,1,,1671.00,Main,1000.00,G,197
15356,"Jarred Pfeffer MD",926988,1,1,,565.00,Main,1000.00,G,198
15357,"Dr. Mariah Kulas DVM",59,1,1,,1522.00,Main,1000.00,G,199
15358,"Felipa Predovic",499177,1,1,,5596.00,Main,1000.00,G,200
15359,"Arturo Senger",94807414,1,1,,8495.00,Main,1000.00,G,201
15360,"Dr. Karine Monahan",8927,1,1,,6156.00,Main,1000.00,G,202
15361,"Prof. Carmel Gleichner",85,1,1,,6257.00,Main,1000.00,G,203
15362,"Miss Santina Feil",9,1,1,,5266.00,Main,1000.00,G,204
15363,"Mr. Oswald Boyer",900482,1,1,,7139.00,Main,1000.00,G,205
15364,"Arturo Hansen",3631652,1,1,,7478.00,Main,1000.00,G,206
15365,"Darrick Collins",84274275,1,1,,1731.00,Main,1000.00,G,207
15366,"Anahi VonRueden",89793,1,1,,1639.00,Main,1000.00,G,208
15367,"Jayden McClure PhD",18,1,1,,2462.00,Main,1000.00,G,209
15368,"Dr. Brennon Legros MD",7413794,1,1,,9043.00,Main,1000.00,G,210
15369,"Dr. Reagan Bernier",127701184,1,1,,3320.00,Main,1000.00,G,211
15370,"Alyson Ruecker",310445359,1,1,,8242.00,Main,1000.00,G,212
15371,"Christophe Hegmann",4,1,1,,2433.00,Main,1000.00,G,213
15372,"Asa Stroman I",6614767,1,1,,8929.00,Main,1000.00,G,214
15373,"Miles Skiles",780793,1,1,,7383.00,Main,1000.00,G,215
15374,"Natasha Brown",79513,1,1,,1955.00,Main,1000.00,G,216
15375,"Moises Nader",63,1,1,,662.00,Main,1000.00,G,217
15376,"Niko Kiehn",4460,1,1,,1149.00,Main,1000.00,G,218
15377,"Addison Auer",32213013,1,1,,5369.00,Main,1000.00,G,219
15378,"Emiliano Gerlach",78,1,1,,6124.00,Main,1000.00,G,220
15379,"Reese Hudson",77532985,1,1,,4468.00,Main,1000.00,G,221
15380,"Hattie Tremblay",36613,1,1,,6382.00,Main,1000.00,G,222
15381,"Dr. Destin Schaefer",65693,1,1,,7609.00,Main,1000.00,G,223
15382,"Preston Strosin",25,1,1,,1824.00,Main,1000.00,G,224
15383,"Prof. Susie Labadie IV",25520,1,1,,8235.00,Main,1000.00,G,225
15384,"Vita Gutkowski",37557,1,1,,3037.00,Main,1000.00,G,226
15385,"Cortney Luettgen",758790,1,1,,5241.00,Main,1000.00,G,227
15386,"Miss Sister Miller V",776,1,1,,8508.00,Main,1000.00,G,228
15387,"Mr. Pietro Tillman II",1110,1,1,,9020.00,Main,1000.00,G,229
15388,"Mrs. Rossie Walter",9479680,1,1,,6275.00,Main,1000.00,G,230
15389,"Deontae Bruen",9,1,1,,2413.00,Main,1000.00,G,231
15390,"Eden Jacobi",31024345,1,1,,7492.00,Main,1000.00,G,232
15391,"Melany Weber",7502857,1,1,,2392.00,Main,1000.00,G,233
15392,"Alberto Stamm",2,1,1,,5153.00,Main,1000.00,G,234
15393,"Estrella Gerhold",8,1,1,,3396.00,Main,1000.00,G,235
15394,"Mr. Savion Gusikowski DVM",5,1,1,,9415.00,Main,1000.00,G,236
15395,"Tristian Jaskolski",8,1,1,,1534.00,Main,1000.00,G,237
15396,"Jaron Lemke",99,1,1,,4573.00,Main,1000.00,G,238
15397,"Kyla White",13526,1,1,,3361.00,Main,1000.00,G,239
15398,"Elody Legros",37326,1,1,,728.00,Main,1000.00,G,240
15399,"Virgil Cormier",6015486,1,1,,7743.00,Main,1000.00,G,241
15400,"Melissa Mueller",69827226,1,1,,2317.00,Main,1000.00,G,242
15401,"Cydney Rohan DVM",9,1,1,,9314.00,Main,1000.00,G,243
15402,"Marta Turcotte",16336,1,1,,6381.00,Main,1000.00,G,244
15403,"Adell Stark",99,1,1,,7415.00,Main,1000.00,G,245
15404,"Simeon Turcotte",1816457,1,1,,9308.00,Main,1000.00,G,246
15405,"Jacquelyn Larson",405608,1,1,,2746.00,Main,1000.00,G,247
15406,"Rowland Carroll",519528311,1,1,,296.00,Main,1000.00,G,248
15407,"Dr. Freddy Labadie PhD",660,1,1,,4829.00,Main,1000.00,G,249
15408,"Miss Syble Mohr",9386,1,1,,2242.00,Main,1000.00,G,250
15409,"Damon Tremblay",3353057,1,1,,8053.00,Main,1000.00,G,251
15410,"Annamae Pagac Sr.",3,1,1,,5995.00,Main,1000.00,G,252
15411,"Jameson Ryan",8262,1,1,,200.00,Main,1000.00,G,253
15412,"Mr. Fritz Lebsack",53249060,1,1,,5002.00,Main,1000.00,G,254
15413,"Ardith Nader",4693262,1,1,,9091.00,Main,1000.00,G,255
15414,"Lizeth Pacocha",945,1,1,,9972.00,Main,1000.00,G,256
15415,"Austen Cruickshank DDS",7607657,1,1,,6918.00,Main,1000.00,G,257
15416,"Luciano Denesik Jr.",764,1,1,,9797.00,Main,1000.00,G,258
15417,"Mylene Koss",856654,1,1,,3415.00,Main,1000.00,G,259
15418,"Kurtis Schimmel MD",349217,1,1,,262.00,Main,1000.00,G,260
15419,"Judd Grant I",3268,1,1,,1991.00,Main,1000.00,G,261
15420,"Mrs. Dariana McClure",84,1,1,,19.00,Main,1000.00,G,262
15421,"Bettie Wunsch I",90764221,1,1,,8965.00,Main,1000.00,G,263
15422,"Dr. Jace Franecki",994065,1,1,,3179.00,Main,1000.00,G,264
15423,"Eddie Hirthe MD",2807,1,1,,9020.00,Main,1000.00,G,265
15424,"Rosalinda Sporer",56,1,1,,5112.00,Main,1000.00,G,266
15425,"Bernie Nitzsche",323357,1,1,,364.00,Main,1000.00,G,267
15426,"Abe Tromp",9,1,1,,7824.00,Main,1000.00,G,268
15427,"Rogelio Koepp",816674,1,1,,3443.00,Main,1000.00,G,269
15428,"Halle Price",1700985,1,1,,1463.00,Main,1000.00,G,270
15429,"Dr. Moriah Swaniawski",1118426,1,1,,538.00,Main,1000.00,G,271
15430,"Dr. Marlene Homenick",793,1,1,,2851.00,Main,1000.00,G,272
15431,"Pat Hamill I",54,1,1,,8874.00,Main,1000.00,G,273
15432,"Adan Bode",8839,1,1,,1078.00,Main,1000.00,G,274
15433,"Prof. Lemuel Becker",5,1,1,,2886.00,Main,1000.00,G,275
15434,"Jailyn Bechtelar",88,1,1,,5962.00,Main,1000.00,G,276
15435,"Mr. Kieran Jacobi DDS",221,1,1,,4295.00,Main,1000.00,G,277
15436,"Janie Daugherty DVM",54560407,1,1,,2397.00,Main,1000.00,G,278
15437,"Joel Medhurst",450,1,1,,6074.00,Main,1000.00,G,279
15438,"Prof. Sandy Langworth",978545312,1,1,,1562.00,Main,1000.00,G,280
15439,"Miss Cecile Jast",7804,1,1,,1879.00,Main,1000.00,G,281
15440,"Sarai Kulas",533687,1,1,,3633.00,Main,1000.00,G,282
15441,"Darryl Fahey II",648635868,1,1,,274.00,Main,1000.00,G,283
15442,"Dr. Elvie Bergnaum",812245060,1,1,,3739.00,Main,1000.00,G,284
15443,"Haven Bosco",67042006,1,1,,7186.00,Main,1000.00,G,285
15444,"Bonnie Wehner II",982030472,1,1,,1224.00,Main,1000.00,G,286
15445,"Rosalia Spencer Sr.",3,1,1,,3158.00,Main,1000.00,G,287
15446,"Mrs. Virginie Terry",21321,1,1,,2424.00,Main,1000.00,G,288
15447,"Arnulfo Konopelski DVM",76,1,1,,9922.00,Main,1000.00,G,289
15448,"Mrs. Marcelle O'Connell II",419329012,1,1,,7080.00,Main,1000.00,G,290
15449,"Prof. Justus Jacobi",1350421,1,1,,1246.00,Main,1000.00,G,291
15450,"Prof. Dina Simonis",4505,1,1,,5202.00,Main,1000.00,G,292
15451,"Calista Jacobi",2312380,1,1,,520.00,Main,1000.00,G,293
15452,"Hope Borer",598,1,1,,2281.00,Main,1000.00,G,294
15453,"Carlos Bradtke",0,1,1,,1111.00,Main,1000.00,G,295
15454,"Prof. Graham Batz III",3719321,1,1,,3271.00,Main,1000.00,G,296
15455,"Erling Zieme",5,1,1,,6597.00,Main,1000.00,G,297
15456,"Elliot Auer",6992,1,1,,6734.00,Main,1000.00,G,298
15457,"Prof. Berenice Kutch Jr.",593,1,1,,8279.00,Main,1000.00,G,299
15458,"Carolina Zulauf",532,1,1,,395.00,Main,1000.00,G,300
15459,"Vivien Skiles",21,1,1,,6891.00,Main,1000.00,G,301
15460,"Damion Murazik",73580735,1,1,,9266.00,Main,1000.00,G,302
15461,"Orin Breitenberg II",58288,1,1,,6936.00,Main,1000.00,G,303
15462,"Holden Schuster",124911941,1,1,,9444.00,Main,1000.00,G,304
15463,"Ernestine Wolff",52234691,1,1,,1781.00,Main,1000.00,G,305
15464,"Dr. Milford Zemlak",41739264,1,1,,5924.00,Main,1000.00,G,306
15465,"Jarvis Eichmann",162,1,1,,1350.00,Main,1000.00,G,307
15466,"Gia Cummerata",993,1,1,,5423.00,Main,1000.00,G,308
15467,"Dr. Cale Fritsch",9011999,1,1,,391.00,Main,1000.00,G,309
15468,"Walter Ritchie",5653,1,1,,520.00,Main,1000.00,G,310
15469,"Nicklaus Konopelski",22760,1,1,,7131.00,Main,1000.00,G,311
15470,"Kirk Welch",2,1,1,,1298.00,Main,1000.00,G,312
15471,"Florencio Paucek",828,1,1,,3061.00,Main,1000.00,G,313
15472,"Sibyl Macejkovic",7670,1,1,,9656.00,Main,1000.00,G,314
15473,"Dr. Marcel Ebert",7311,1,1,,5697.00,Main,1000.00,G,315
15474,"Reagan Hermann Jr.",355406228,1,1,,3110.00,Main,1000.00,G,316
15475,"Dr. Magnus Macejkovic PhD",1,1,1,,7915.00,Main,1000.00,G,317
15476,"Edna O'Connell",6,1,1,,1485.00,Main,1000.00,G,318
15477,"Antonia Batz",590717135,1,1,,2831.00,Main,1000.00,G,319
15478,"Hettie Herman",8,1,1,,8067.00,Main,1000.00,G,320
15479,"Anabelle Turcotte",561135229,1,1,,9954.00,Main,1000.00,G,321
15480,"Chasity Von",858,1,1,,4828.00,Main,1000.00,G,322
15481,"Dr. Darien Pouros",219968,1,1,,9971.00,Main,1000.00,G,323
15482,"Kathleen Paucek PhD",984,1,1,,5884.00,Main,1000.00,G,324
15483,"Dr. Maxie Brekke",957829128,1,1,,9293.00,Main,1000.00,G,325
15484,"Leanna Steuber",46961,1,1,,5275.00,Main,1000.00,G,326
15485,"Ms. Lucile Will",6,1,1,,1783.00,Main,1000.00,G,327
15486,"Mr. Mackenzie Will IV",860844,1,1,,4252.00,Main,1000.00,G,328
15487,"Dr. Marilou Torp",22161,1,1,,6122.00,Main,1000.00,G,329
15488,"Noah Barton",44,1,1,,9073.00,Main,1000.00,G,330
15489,"Karina Stehr",92318419,1,1,,3514.00,Main,1000.00,G,331
15490,"Mrs. Ocie Stroman PhD",8084,1,1,,4508.00,Main,1000.00,G,332
15491,"Sienna Balistreri",254921,1,1,,6059.00,Main,1000.00,G,333
15492,"Gustave Tremblay PhD",560168,1,1,,2676.00,Main,1000.00,G,334
15493,"Duncan Stracke",718,1,1,,7432.00,Main,1000.00,G,335
15494,"Raegan Schumm",105,1,1,,7254.00,Main,1000.00,G,336
15495,"Tyra Abernathy",59150,1,1,,6574.00,Main,1000.00,G,337
15496,"Forest Erdman",2786,1,1,,4129.00,Main,1000.00,G,338
15497,"Trey Prosacco",352,1,1,,6616.00,Main,1000.00,G,339
15498,"Fatima Grimes",64,1,1,,4294.00,Main,1000.00,G,340
15499,"Dr. Hayden Smith III",6655278,1,1,,8541.00,Main,1000.00,G,341
15500,"Graham Stamm",87,1,1,,1605.00,Main,1000.00,G,342
15501,"Kiera Mann Jr.",696134,1,1,,3058.00,Main,1000.00,G,343
15502,"Darron McCullough",62,1,1,,4134.00,Main,1000.00,G,344
15503,"Jon Quigley",76,1,1,,6123.00,Main,1000.00,G,345
15504,"Emerson Rogahn",343,1,1,,9973.00,Main,1000.00,G,346
15505,"Guadalupe Rice",5215349,1,1,,1790.00,Main,1000.00,G,347
15506,"Mason Wiegand",962554,1,1,,8486.00,Main,1000.00,G,348
15507,"Shirley Shanahan Jr.",519,1,1,,8260.00,Main,1000.00,G,349
15508,"Alberto Wunsch III",6281,1,1,,320.00,Main,1000.00,G,350
15509,"Jaleel Von",288064839,1,1,,8548.00,Main,1000.00,G,351
15510,"Adah Spencer",8081574,1,1,,4886.00,Main,1000.00,G,352
15511,"Miss Shirley Beer",326769,1,1,,6318.00,Main,1000.00,G,353
15512,"Holden O'Hara",48,1,1,,3731.00,Main,1000.00,G,354
15513,"Graciela Gleason",23744,1,1,,9292.00,Main,1000.00,G,355
15514,"Elinore Kilback",2193103,1,1,,8748.00,Main,1000.00,G,356
15515,"Dr. Anissa Greenholt",478858,1,1,,181.00,Main,1000.00,G,357
15516,"Etha Lynch",855044,1,1,,6945.00,Main,1000.00,G,358
15517,"Freda Jast V",60217,1,1,,9924.00,Main,1000.00,G,359
15518,"Dr. Eloy Hand",313910543,1,1,,5405.00,Main,1000.00,G,360
15519,"Velva Harvey",8,1,1,,7898.00,Main,1000.00,G,361
15520,"Odessa Yost",6192002,1,1,,5246.00,Main,1000.00,G,362
15521,"Prof. Otha Ortiz Sr.",3450847,1,1,,4970.00,Main,1000.00,G,363
15522,"Leila Kutch",188112,1,1,,8123.00,Main,1000.00,G,364
15523,"Carmen Pagac",445405139,1,1,,5601.00,Main,1000.00,G,365
15524,"Lilyan Leuschke",86763,1,1,,9015.00,Main,1000.00,G,366
15525,"Jovany Fahey DDS",67,1,1,,9187.00,Main,1000.00,G,367
15526,"Providenci Greenholt",5057,1,1,,5526.00,Main,1000.00,G,368
15527,"Mr. August Heathcote Sr.",62,1,1,,4289.00,Main,1000.00,G,369
15528,"Dr. Kelley Metz II",8342,1,1,,8391.00,Main,1000.00,G,370
15529,"Darren Gislason PhD",8272,1,1,,1696.00,Main,1000.00,G,371
15530,"Jeffery Wyman",18230,1,1,,5564.00,Main,1000.00,G,372
15531,"Miss Brionna Toy",3137768,1,1,,6132.00,Main,1000.00,G,373
15532,"Cloyd Christiansen",2,1,1,,3324.00,Main,1000.00,G,374
15533,"Felicia Marvin",9,1,1,,3150.00,Main,1000.00,G,375
15534,"Mr. Jefferey Cartwright",9312955,1,1,,6426.00,Main,1000.00,G,376
15535,"Ms. Madaline Gottlieb Jr.",3,1,1,,281.00,Main,1000.00,G,377
15536,"Elsa Parisian III",9777574,1,1,,9704.00,Main,1000.00,G,378
15537,"Dr. Nelle Johns",36598987,1,1,,1539.00,Main,1000.00,G,379
15538,"Tate O'Kon",5557,1,1,,3550.00,Main,1000.00,G,380
15539,"Mr. Brandt Wiza",786076642,1,1,,1133.00,Main,1000.00,G,381
15540,"Aron Kris",2791175,1,1,,277.00,Main,1000.00,G,382
15541,"Ben Conn",907599755,1,1,,3188.00,Main,1000.00,G,383
15542,"Miss Dahlia Skiles MD",506192016,1,1,,9107.00,Main,1000.00,G,384
15543,"Ezra Keeling",0,1,1,,5827.00,Main,1000.00,G,385
15544,"Jeremy Jast",901,1,1,,8371.00,Main,1000.00,G,386
15545,"Mrs. Sydni Rolfson II",750208147,1,1,,4796.00,Main,1000.00,G,387
15546,"Angus Heaney",74,1,1,,1396.00,Main,1000.00,G,388
15547,"Ms. Ruby Morissette",3208345,1,1,,4869.00,Main,1000.00,G,389
15548,"Mrs. Marcelina Sauer",6221211,1,1,,3302.00,Main,1000.00,G,390
15549,"Prof. Ken Krajcik",3,1,1,,5774.00,Main,1000.00,G,391
15550,"Filiberto Gaylord",1,1,1,,3973.00,Main,1000.00,G,392
15551,"Isaac Glover",669824,1,1,,8761.00,Main,1000.00,G,393
15552,"Addie Barrows",522624727,1,1,,5726.00,Main,1000.00,G,394
15553,"Prof. Walker Pfannerstill DVM",288965983,1,1,,2751.00,Main,1000.00,G,395
15554,"Merritt Howell I",153109803,1,1,,2516.00,Main,1000.00,G,396
15555,"Vernon Bernier",91236,1,1,,2459.00,Main,1000.00,G,397
15556,"Prof. Scotty Heathcote PhD",8875,1,1,,3391.00,Main,1000.00,G,398
15557,"Jalon Mayer",370,1,1,,3159.00,Main,1000.00,G,399
15558,"Rose Cummings",56097184,1,1,,916.00,Main,1000.00,G,400
15559,"Prof. Drew Kovacek II",90439527,1,1,,7454.00,Main,1000.00,G,401
15560,"Karson Kuphal Sr.",67,1,1,,5062.00,Main,1000.00,G,402
15561,"Alvina Terry",2,1,1,,99.00,Main,1000.00,G,403
15562,"Ms. Etha Champlin MD",808676035,1,1,,4403.00,Main,1000.00,G,404
15563,"Katarina Schinner",54045369,1,1,,9971.00,Main,1000.00,G,405
15564,"Joshuah Rau",8,1,1,,974.00,Main,1000.00,G,406
15565,"Wilbert Hammes",2673132,1,1,,1990.00,Main,1000.00,G,407
15566,"Alfreda Weissnat",128,1,1,,4386.00,Main,1000.00,G,408
15567,"Prof. Maynard Bauch I",11,1,1,,7583.00,Main,1000.00,G,409
15568,"Reginald Wehner",1606767,1,1,,6485.00,Main,1000.00,G,410
15569,"Prof. Consuelo Thiel",600653877,1,1,,4117.00,Main,1000.00,G,411
15570,"Halie Dooley",450154074,1,1,,8943.00,Main,1000.00,G,412
15571,"Sydnee Osinski",3536,1,1,,2892.00,Main,1000.00,G,413
15572,"Prof. Junius Romaguera",8533,1,1,,9795.00,Main,1000.00,G,414
15573,"Ms. Rylee Hahn",1,1,1,,7881.00,Main,1000.00,G,415
15574,"Mr. Coby Kihn",37792,1,1,,8432.00,Main,1000.00,G,416
15575,"Dr. Zena Morissette I",76,1,1,,9800.00,Main,1000.00,G,417
15576,"Prof. Samir Effertz Jr.",19577,1,1,,8241.00,Main,1000.00,G,418
15577,"Marlene Padberg",485476236,1,1,,5660.00,Main,1000.00,G,419
15578,"Dr. Erick Kozey PhD",840615,1,1,,3797.00,Main,1000.00,G,420
15579,"Ebony Abernathy",7447732,1,1,,6463.00,Main,1000.00,G,421
15580,"Harold Olson",4,1,1,,8869.00,Main,1000.00,G,422
15581,"Forrest Stokes",2600,1,1,,3369.00,Main,1000.00,G,423
15582,"Ms. Layla Runolfsdottir III",5,1,1,,6600.00,Main,1000.00,G,424
15583,"Adolph Gerhold",2,1,1,,6341.00,Main,1000.00,G,425
15584,"Hadley Will",20761,1,1,,9402.00,Main,1000.00,G,426
15585,"Dr. Juwan Predovic",3453183,1,1,,3869.00,Main,1000.00,G,427
15586,"Ms. Alexane Kunze PhD",57,1,1,,3835.00,Main,1000.00,G,428
15587,"Noemi Ondricka",79502217,1,1,,7334.00,Main,1000.00,G,429
15588,"Earnest Bruen",3212,1,1,,1094.00,Main,1000.00,G,430
15589,"Ms. Whitney Wolff",994688410,1,1,,743.00,Main,1000.00,G,431
15590,"Dr. Celine Langosh IV",62219,1,1,,1318.00,Main,1000.00,G,432
15591,"Mrs. Annabelle Lemke III",3847906,1,1,,2757.00,Main,1000.00,G,433
15592,"Ole Mills",6150497,1,1,,5084.00,Main,1000.00,G,434
15593,"Travis Altenwerth",3582,1,1,,6931.00,Main,1000.00,G,435
15594,"Prof. Jaiden Cassin",931,1,1,,918.00,Main,1000.00,G,436
15595,"Ms. Theresia Heller",732,1,1,,5523.00,Main,1000.00,G,437
15596,"Marlen Weissnat",60898419,1,1,,3551.00,Main,1000.00,G,438
15597,"Queenie Corkery Jr.",12,1,1,,3605.00,Main,1000.00,G,439
15598,"Carmel Brown",650940089,1,1,,4622.00,Main,1000.00,G,440
15599,"Koby Baumbach",50,1,1,,2560.00,Main,1000.00,G,441
15600,"Mr. Ezra Jakubowski Jr.",29480921,1,1,,8084.00,Main,1000.00,G,442
15601,"Pete Dicki I",1514,1,1,,5518.00,Main,1000.00,G,443
15602,"Mr. Felton Gleason",229,1,1,,4221.00,Main,1000.00,G,444
15603,"Noble Gerlach",321099,1,1,,4327.00,Main,1000.00,G,445
15604,"Kristina Toy",5197,1,1,,9399.00,Main,1000.00,G,446
15605,"Leila Kutch",62752900,1,1,,8327.00,Main,1000.00,G,447
15606,"Oleta Watsica",5517,1,1,,370.00,Main,1000.00,G,448
15607,"Lilian Feeney I",3,1,1,,4732.00,Main,1000.00,G,449
15608,"Dr. Abel Rohan I",80168455,1,1,,2210.00,Main,1000.00,G,450
15609,"Anahi Kreiger MD",4878,1,1,,6511.00,Main,1000.00,G,451
15610,"Ottis Spencer I",487,1,1,,3833.00,Main,1000.00,G,452
15611,"Cory Conn DDS",35988406,1,1,,1870.00,Main,1000.00,G,453
15612,"Cheyenne Blanda",82441,1,1,,8474.00,Main,1000.00,G,454
15613,"Adrianna Cruickshank Sr.",97076,1,1,,5154.00,Main,1000.00,G,455
15614,"Delbert Flatley",714423695,1,1,,6990.00,Main,1000.00,G,456
15615,"Bryon Huels II",550639239,1,1,,9852.00,Main,1000.00,G,457
15616,"Mrs. April Kiehn",35676,1,1,,2016.00,Main,1000.00,G,458
15617,"Evan Lindgren",5059448,1,1,,7427.00,Main,1000.00,G,459
15618,"Mrs. Destiney Schowalter",249297,1,1,,1955.00,Main,1000.00,G,460
15619,"Chanelle Will DDS",49088,1,1,,3821.00,Main,1000.00,G,461
15620,"Jeanie Daniel",1377327,1,1,,895.00,Main,1000.00,G,462
15621,"Minerva Macejkovic",95,1,1,,221.00,Main,1000.00,G,463
15622,"Dina Will",505370,1,1,,9875.00,Main,1000.00,G,464
15623,"Mattie Shields",97474,1,1,,7112.00,Main,1000.00,G,465
15624,"Prof. Anahi Padberg DDS",925502,1,1,,7046.00,Main,1000.00,G,466
15625,"Princess Graham",361241,1,1,,1762.00,Main,1000.00,G,467
15626,"Amelie Miller PhD",811641,1,1,,5602.00,Main,1000.00,G,468
15627,"Dr. Yvette Medhurst II",69,1,1,,4365.00,Main,1000.00,G,469
15628,"Sylvia Anderson",843,1,1,,1313.00,Main,1000.00,G,470
15629,"Neoma Hoppe",303120171,1,1,,8219.00,Main,1000.00,G,471
15630,"Kenyatta Ritchie",90915131,1,1,,9857.00,Main,1000.00,G,472
15631,"Adolf DuBuque I",6,1,1,,9855.00,Main,1000.00,G,473
15632,"Dr. Lionel Roob",11602,1,1,,5530.00,Main,1000.00,G,474
15633,"Lizeth Buckridge DVM",5,1,1,,7948.00,Main,1000.00,G,475
15634,"Candida Botsford",213570,1,1,,4645.00,Main,1000.00,G,476
15635,"Mrs. Kavon Padberg DDS",2998,1,1,,8671.00,Main,1000.00,G,477
15636,"Lazaro Gislason",7,1,1,,7088.00,Main,1000.00,G,478
15637,"Trudie Pfannerstill IV",7,1,1,,234.00,Main,1000.00,G,479
15638,"Mr. Johan Morar",22,1,1,,3759.00,Main,1000.00,G,480
15639,"Roxane Schmeler Sr.",24216288,1,1,,4521.00,Main,1000.00,G,481
15640,"Maverick McLaughlin",8725,1,1,,1515.00,Main,1000.00,G,482
15641,"Prof. Blanche Langosh",44089,1,1,,7811.00,Main,1000.00,G,483
15642,"Pablo Waelchi",306,1,1,,1752.00,Main,1000.00,G,484
15643,"Prof. Rasheed Zboncak",556,1,1,,2860.00,Main,1000.00,G,485
15644,"Jarret Feeney",82239,1,1,,1096.00,Main,1000.00,G,486
15645,"Muhammad Grimes",73063433,1,1,,1204.00,Main,1000.00,G,487
15646,"Vivianne Torphy",41675308,1,1,,242.00,Main,1000.00,G,488
15647,"Celestine Johnston",97,1,1,,8316.00,Main,1000.00,G,489
15648,"Dr. Jewel Bode DVM",60614563,1,1,,1857.00,Main,1000.00,G,490
15649,"Chelsie Hauck",8555,1,1,,4125.00,Main,1000.00,G,491
15650,"Sienna Lueilwitz",870763708,1,1,,2007.00,Main,1000.00,G,492
15651,"Donald Bergstrom",5,1,1,,7631.00,Main,1000.00,G,493
15652,"Burnice Sporer",43,1,1,,7702.00,Main,1000.00,G,494
15653,"Dr. Elwin Ryan I",5101,1,1,,8040.00,Main,1000.00,G,495
15654,"Prof. Clement Lesch",8091397,1,1,,6091.00,Main,1000.00,G,496
15655,"Mr. Mario Swaniawski",6724,1,1,,3270.00,Main,1000.00,G,497
15656,"Kendrick Thompson",378,1,1,,5392.00,Main,1000.00,G,498
15657,"Ms. Aida Jenkins Jr.",58801214,1,1,,1109.00,Main,1000.00,G,499
15658,"Tabitha Beer",480796883,1,1,,1398.00,Main,1000.00,G,500
15659,"Lonnie Johns",6551490,1,1,,4970.00,Main,1000.00,G,501
15660,"Prof. Stewart Kessler DVM",0,1,1,,3304.00,Main,1000.00,G,502
15661,"Angus Huel II",29454,1,1,,662.00,Main,1000.00,G,503
15662,"Randall Bartoletti",832791739,1,1,,553.00,Main,1000.00,G,504
15663,"Mariah Moore",9274,1,1,,9706.00,Main,1000.00,G,505
15664,"Lue Gaylord",93110,1,1,,5864.00,Main,1000.00,G,506
15665,"Courtney Mertz",44845711,1,1,,2458.00,Main,1000.00,G,507
15666,"Prof. Modesto Veum V",1735,1,1,,9056.00,Main,1000.00,G,508
15667,"Prof. Juston Denesik",645,1,1,,3901.00,Main,1000.00,G,509
15668,"Dr. Benny Nikolaus PhD",763285184,1,1,,6955.00,Main,1000.00,G,510
15669,"Torey Willms",9,1,1,,2081.00,Main,1000.00,G,511
15670,"Ms. Chanelle Harber",1609817,1,1,,9688.00,Main,1000.00,G,512
15671,"Lester Kris",700432873,1,1,,5914.00,Main,1000.00,G,513
15672,"Audra Barton",6200,1,1,,437.00,Main,1000.00,G,514
15673,"Estelle Waters",249800,1,1,,4096.00,Main,1000.00,G,515
15674,"Ms. Tyra Walter",841945,1,1,,2614.00,Main,1000.00,G,516
15675,"Mina Lemke",844971,1,1,,6605.00,Main,1000.00,G,517
15676,"Clement Hammes",9,1,1,,4354.00,Main,1000.00,G,518
15677,"Jairo McLaughlin",78,1,1,,845.00,Main,1000.00,G,519
15678,"Dixie Jerde",29629930,1,1,,7042.00,Main,1000.00,G,520
15679,"Robert Schroeder",267850976,1,1,,6536.00,Main,1000.00,G,521
15680,"Marisol Wuckert Sr.",58710819,1,1,,9685.00,Main,1000.00,G,522
15681,"Davonte Gusikowski",9375,1,1,,1545.00,Main,1000.00,G,523
15682,"Dr. Arianna Heathcote PhD",725400541,1,1,,3942.00,Main,1000.00,G,524
15683,"Mr. Cole Johnson DDS",7,1,1,,2130.00,Main,1000.00,G,525
15684,"Marty Dooley",431427853,1,1,,4618.00,Main,1000.00,G,526
15685,"Ambrose Schmidt",781668,1,1,,1863.00,Main,1000.00,G,527
15686,"Layne Bergnaum",5,1,1,,5126.00,Main,1000.00,G,528
15687,"Rolando Renner",4787265,1,1,,128.00,Main,1000.00,G,529
15688,"Shakira Wintheiser",98796,1,1,,1835.00,Main,1000.00,G,530
15689,"Mr. Keon Huels",409,1,1,,4364.00,Main,1000.00,G,531
15690,"Reyna Schuster V",8,1,1,,1127.00,Main,1000.00,G,532
15691,"Adrian Armstrong",9863,1,1,,5480.00,Main,1000.00,G,533
15692,"Mr. Jorge Will",499332315,1,1,,4429.00,Main,1000.00,G,534
15693,"Margarette Kerluke",943189,1,1,,2279.00,Main,1000.00,G,535
15694,"Dr. Hortense Wuckert V",71,1,1,,4299.00,Main,1000.00,G,536
15695,"Brigitte Cormier",3,1,1,,8425.00,Main,1000.00,G,537
15696,"Lura Orn",75001,1,1,,226.00,Main,1000.00,G,538
15697,"Dr. Margret Ward DDS",8645,1,1,,3026.00,Main,1000.00,G,539
15698,"Kassandra Davis PhD",23,1,1,,9342.00,Main,1000.00,G,540
15699,"Dameon Schulist MD",366214,1,1,,5102.00,Main,1000.00,G,541
15700,"Ronaldo Walsh",1659755,1,1,,9244.00,Main,1000.00,G,542
15701,"Emelie Fisher",606840,1,1,,1870.00,Main,1000.00,G,543
15702,"Cary Tillman",609337409,1,1,,2909.00,Main,1000.00,G,544
15703,"Ms. Nola Howell Sr.",8,1,1,,9007.00,Main,1000.00,G,545
15704,"Yoshiko Zieme",82,1,1,,5242.00,Main,1000.00,G,546
15705,"Ms. Shyanne Shanahan IV",8599259,1,1,,2096.00,Main,1000.00,G,547
15706,"Jalon Medhurst",9373539,1,1,,2401.00,Main,1000.00,G,548
15707,"Prof. Landen Gutkowski",80292286,1,1,,1727.00,Main,1000.00,G,549
15708,"Linnie Romaguera",95226,1,1,,8981.00,Main,1000.00,G,550
15709,"Gust Blanda",5,1,1,,5837.00,Main,1000.00,G,551
15710,"Margie Ratke",94,1,1,,3140.00,Main,1000.00,G,552
15711,"Mr. Harrison Mosciski DDS",44349,1,1,,3954.00,Main,1000.00,G,553
15712,"Scarlett Kerluke",23967,1,1,,552.00,Main,1000.00,G,554
15713,"Theodora Parker II",47517048,1,1,,3737.00,Main,1000.00,G,555
15714,"Freddie Grant",13999,1,1,,9314.00,Main,1000.00,G,556
15715,"Ellsworth Ankunding",67028,1,1,,5730.00,Main,1000.00,G,557
15716,"Deonte Pfeffer",92,1,1,,1632.00,Main,1000.00,G,558
15717,"Kiara Cruickshank",1407888,1,1,,2983.00,Main,1000.00,G,559
15718,"Mr. Cullen Blanda",3439083,1,1,,4201.00,Main,1000.00,G,560
15719,"Ms. Brianne Kirlin",8340230,1,1,,2815.00,Main,1000.00,G,561
15720,"Prof. Patience Nicolas",277298,1,1,,7306.00,Main,1000.00,G,562
15721,"Dr. Max Weimann",2259787,1,1,,9897.00,Main,1000.00,G,563
15722,"Dr. Aiden Gusikowski",4,1,1,,2491.00,Main,1000.00,G,564
15723,"Trenton Bahringer",57,1,1,,3385.00,Main,1000.00,G,565
15724,"Jillian Purdy",9951252,1,1,,9295.00,Main,1000.00,G,566
15725,"Prof. Willie Koepp",408527,1,1,,8682.00,Main,1000.00,G,567
15726,"Mr. Kayleigh Witting",7229652,1,1,,8541.00,Main,1000.00,G,568
15727,"Prof. Kane Barrows",40,1,1,,9938.00,Main,1000.00,G,569
15728,"Brenda Kunde",482256243,1,1,,1067.00,Main,1000.00,G,570
15729,"Jayde Rohan",1123034,1,1,,9216.00,Main,1000.00,G,571
15730,"Donato O'Keefe",2147,1,1,,8594.00,Main,1000.00,G,572
15731,"Hal Graham",21549,1,1,,5559.00,Main,1000.00,G,573
15732,"Adelle Towne",434767289,1,1,,604.00,Main,1000.00,G,574
15733,"Brenda Deckow",4237,1,1,,8142.00,Main,1000.00,G,575
15734,"Prof. Arlo Kreiger DVM",6,1,1,,4636.00,Main,1000.00,G,576
15735,"Abby Wilkinson",7,1,1,,1867.00,Main,1000.00,G,577
15736,"Dr. Bonita Schoen Sr.",13565400,1,1,,4127.00,Main,1000.00,G,578
15737,"Darian Kuhn",6,1,1,,9355.00,Main,1000.00,G,579
15738,"Walton Harber II",6332,1,1,,5116.00,Main,1000.00,G,580
15739,"Cale Littel I",8,1,1,,7568.00,Main,1000.00,G,581
15740,"Isadore Kerluke Sr.",9019462,1,1,,9029.00,Main,1000.00,G,582
15741,"Dixie McCullough",54,1,1,,163.00,Main,1000.00,G,583
15742,"Jackeline Jones",71844,1,1,,6134.00,Main,1000.00,G,584
15743,"Mr. Freeman Zboncak MD",639672,1,1,,9342.00,Main,1000.00,G,585
15744,"Miss Cristal Christiansen",63967724,1,1,,6209.00,Main,1000.00,G,586
15745,"Mr. Raheem Hermiston II",8,1,1,,6575.00,Main,1000.00,G,587
15746,"Fanny Bauch III",7520,1,1,,6420.00,Main,1000.00,G,588
15747,"Alycia Kerluke",501,1,1,,7812.00,Main,1000.00,G,589
15748,"Jarret Gutmann",539208364,1,1,,8238.00,Main,1000.00,G,590
15749,"Prof. Nikki Erdman DDS",57873853,1,1,,3485.00,Main,1000.00,G,591
15750,"Kacie Weber",22441,1,1,,2512.00,Main,1000.00,G,592
15751,"Miss Krista Fisher MD",895,1,1,,2197.00,Main,1000.00,G,593
15752,"Sunny Farrell",204,1,1,,1196.00,Main,1000.00,G,594
15753,"Miss Lavinia Bradtke",64462,1,1,,615.00,Main,1000.00,G,595
15754,"Nolan Altenwerth",4,1,1,,210.00,Main,1000.00,G,596
15755,"Miss Delfina Bogisich",55923218,1,1,,2343.00,Main,1000.00,G,597
15756,"Mrs. Shea Block",7,1,1,,919.00,Main,1000.00,G,598
15757,"Pierce Pollich",30,1,1,,6285.00,Main,1000.00,G,599
15758,"Audreanne Gutkowski",410953258,1,1,,2088.00,Main,1000.00,G,600
15759,"Candida Lemke",52161844,1,1,,67.00,Main,1000.00,G,601
15760,"Juanita Paucek",4835,1,1,,3432.00,Main,1000.00,G,602
15761,"Prof. Jarrell Wyman PhD",4,1,1,,2296.00,Main,1000.00,G,603
15762,"Dr. June Johnson V",468,1,1,,5186.00,Main,1000.00,G,604
15763,"Miss Retta Bauch",6,1,1,,362.00,Main,1000.00,G,605
15764,"Dusty Larson IV",93049359,1,1,,5892.00,Main,1000.00,G,606
15765,"Lela Smith",37354047,1,1,,837.00,Main,1000.00,G,607
15766,"Vernon Pfeffer",64588934,1,1,,3662.00,Main,1000.00,G,608
15767,"Brielle Bauch",84427,1,1,,2984.00,Main,1000.00,G,609
15768,"Marlin Stehr",937,1,1,,8195.00,Main,1000.00,G,610
15769,"Miss America Jaskolski DVM",2,1,1,,9741.00,Main,1000.00,G,611
15770,"Lessie McCullough II",4738707,1,1,,6684.00,Main,1000.00,G,612
15771,"Mollie Predovic I",59609,1,1,,238.00,Main,1000.00,G,613
15772,"Mr. Ernest Friesen DVM",5061,1,1,,2592.00,Main,1000.00,G,614
15773,"Thalia Zboncak",759,1,1,,1888.00,Main,1000.00,G,615
15774,"Dr. Edgardo Prosacco",657,1,1,,936.00,Main,1000.00,G,616
15775,"Janiya Leffler",1731,1,1,,6066.00,Main,1000.00,G,617
15776,"Tavares Schmitt",49,1,1,,364.00,Main,1000.00,G,618
15777,"Jonas Heidenreich PhD",88877638,1,1,,2489.00,Main,1000.00,G,619
15778,"Juliana Kling",647936658,1,1,,4161.00,Main,1000.00,G,620
15779,"Athena Wisoky",10749513,1,1,,8535.00,Main,1000.00,G,621
15780,"Nellie Oberbrunner",948083,1,1,,2208.00,Main,1000.00,G,622
15781,"Brenna Yost",62677980,1,1,,2201.00,Main,1000.00,G,623
15782,"Cielo Shanahan",83,1,1,,2623.00,Main,1000.00,G,624
15783,"Prof. Quinton Kohler",1,1,1,,191.00,Main,1000.00,G,625
15784,"Margot Braun II",2973,1,1,,8316.00,Main,1000.00,G,626
15785,"Leora Stokes IV",76381527,1,1,,6170.00,Main,1000.00,G,627
15786,"Prof. Gage Bechtelar II",74,1,1,,9458.00,Main,1000.00,G,628
15787,"Guiseppe Gottlieb",4321,1,1,,3909.00,Main,1000.00,G,629
15788,"Dr. Jace Walsh V",965,1,1,,3278.00,Main,1000.00,G,630
15789,"Luella Dietrich",880,1,1,,9653.00,Main,1000.00,G,631
15790,"Julian Johns",848,1,1,,9211.00,Main,1000.00,G,632
15791,"Alexys Wiegand II",8000,1,1,,9403.00,Main,1000.00,G,633
15792,"Mrs. Camille Fritsch IV",645,1,1,,5438.00,Main,1000.00,G,634
15793,"Dr. Dock Rodriguez II",4,1,1,,9478.00,Main,1000.00,G,635
15794,"Prof. Delbert Williamson",18180,1,1,,5379.00,Main,1000.00,G,636
15795,"Prof. Rocky Ullrich Jr.",19451793,1,1,,5923.00,Main,1000.00,G,637
15796,"Lilian Hansen",231,1,1,,4762.00,Main,1000.00,G,638
15797,"Johanna Hoeger",36063306,1,1,,3526.00,Main,1000.00,G,639
15798,"Kayley Hill II",2608,1,1,,3153.00,Main,1000.00,G,640
15799,"Dr. Luis Zboncak",8593,1,1,,3855.00,Main,1000.00,G,641
15800,"Mrs. Skyla Romaguera V",52668,1,1,,7244.00,Main,1000.00,G,642
15801,"Daron Wisoky",92505283,1,1,,6589.00,Main,1000.00,G,643
15802,"Verlie Kuhn",832,1,1,,4651.00,Main,1000.00,G,644
15803,"Arvid Goyette",11688421,1,1,,3197.00,Main,1000.00,G,645
15804,"Kaden Konopelski",176597,1,1,,1398.00,Main,1000.00,G,646
15805,"Fay Bernier",261594,1,1,,919.00,Main,1000.00,G,647
15806,"Prof. Joan Durgan",94826,1,1,,3589.00,Main,1000.00,G,648
15807,"Mrs. Janessa Hegmann",467,1,1,,6352.00,Main,1000.00,G,649
15808,"Elenora Witting",100761,1,1,,4197.00,Main,1000.00,G,650
15809,"Skye Kirlin",44211658,1,1,,2305.00,Main,1000.00,G,651
15810,"Adaline Cartwright",285735345,1,1,,3554.00,Main,1000.00,G,652
15811,"Mrs. Flossie Walker IV",0,1,1,,7411.00,Main,1000.00,G,653
15812,"Elsie Dooley",17,1,1,,615.00,Main,1000.00,G,654
15813,"Geovanny Lubowitz",5975205,1,1,,5911.00,Main,1000.00,G,655
15814,"Krystal Cormier",1829952,1,1,,9390.00,Main,1000.00,G,656
15815,"Penelope Block",2316537,1,1,,8334.00,Main,1000.00,G,657
15816,"Martina Kertzmann",4,1,1,,277.00,Main,1000.00,G,658
15817,"Mr. Wade Gaylord DDS",37177735,1,1,,4121.00,Main,1000.00,G,659
15818,"Leanna Conroy Sr.",91415297,1,1,,9107.00,Main,1000.00,G,660
15819,"Clark Donnelly",7387068,1,1,,8117.00,Main,1000.00,G,661
15820,"Demetrius Greenholt",37273562,1,1,,6611.00,Main,1000.00,G,662
15821,"Mrs. Malvina Willms",3178,1,1,,6636.00,Main,1000.00,G,663
15822,"Mrs. Izabella Cruickshank III",1016272,1,1,,3453.00,Main,1000.00,G,664
15823,"Dr. Kamron Abernathy",75724945,1,1,,6866.00,Main,1000.00,G,665
15824,"Jordy Dooley",75338,1,1,,980.00,Main,1000.00,G,666
15825,"Jarrett Terry",95,1,1,,3789.00,Main,1000.00,G,667
15826,"Rupert Barton",79826,1,1,,630.00,Main,1000.00,G,668
15827,"Alessandra Kutch",1656,1,1,,3759.00,Main,1000.00,G,669
15828,"Freddie Wolff",434008,1,1,,4565.00,Main,1000.00,G,670
15829,"Jannie Haag",71479,1,1,,6345.00,Main,1000.00,G,671
15830,"Conor Schoen",175,1,1,,3988.00,Main,1000.00,G,672
15831,"Ben Ankunding",5,1,1,,3139.00,Main,1000.00,G,673
15832,"Ezequiel Daugherty",4,1,1,,4657.00,Main,1000.00,G,674
15833,"Adam Wehner DDS",90030,1,1,,9959.00,Main,1000.00,G,675
15834,"Santina Parker",383438,1,1,,7470.00,Main,1000.00,G,676
15835,"Miss Ariane Hill",955,1,1,,5506.00,Main,1000.00,G,677
15836,"Abdul Dicki",52431928,1,1,,3378.00,Main,1000.00,G,678
15837,"Mr. Paul Zulauf V",99,1,1,,4067.00,Main,1000.00,G,679
15838,"Bailey Walsh",999950,1,1,,5054.00,Main,1000.00,G,680
15839,"Candido Koelpin",5088,1,1,,7505.00,Main,1000.00,G,681
15840,"Mya Kuphal",83443,1,1,,524.00,Main,1000.00,G,682
15841,"Mrs. Michele Hand",3,1,1,,7611.00,Main,1000.00,G,683
15842,"Jakayla Doyle",9,1,1,,5962.00,Main,1000.00,G,684
15843,"Dr. Harold Kiehn DDS",61143831,1,1,,1291.00,Main,1000.00,G,685
15844,"Milo Kautzer",15214,1,1,,3226.00,Main,1000.00,G,686
15845,"Ms. Bianka Spinka PhD",42409545,1,1,,6409.00,Main,1000.00,G,687
15846,"Arjun Lowe",6,1,1,,1460.00,Main,1000.00,G,688
15847,"Joannie Pfeffer",989869,1,1,,2103.00,Main,1000.00,G,689
15848,"Cydney Frami",12693971,1,1,,4858.00,Main,1000.00,G,690
15849,"Prof. Barbara Windler",392763,1,1,,5.00,Main,1000.00,G,691
15850,"Dr. Kaitlyn Mante DVM",2141,1,1,,4402.00,Main,1000.00,G,692
15851,"Marcelo Hickle",81873,1,1,,6441.00,Main,1000.00,G,693
15852,"Marianne Steuber",4,1,1,,228.00,Main,1000.00,G,694
15853,"Dr. Lori Keebler DVM",7805706,1,1,,4453.00,Main,1000.00,G,695
15854,"Macie Okuneva",13862909,1,1,,2578.00,Main,1000.00,G,696
15855,"Dr. Carmella Wisoky",41959866,1,1,,2930.00,Main,1000.00,G,697
15856,"Jaylen Wiegand",30541,1,1,,6774.00,Main,1000.00,G,698
15857,"Ms. Teresa Pfannerstill",500967913,1,1,,3980.00,Main,1000.00,G,699
15858,"Cordie Hagenes",1059259,1,1,,2566.00,Main,1000.00,G,700
15859,"Reymundo Welch",944,1,1,,8272.00,Main,1000.00,G,701
15860,"Nicholaus Quitzon",18458172,1,1,,9153.00,Main,1000.00,G,702
15861,"Arielle Gaylord",47606,1,1,,2167.00,Main,1000.00,G,703
15862,"Dolores Ernser",56652556,1,1,,2874.00,Main,1000.00,G,704
15863,"Prof. Edwin Bednar MD",8,1,1,,4261.00,Main,1000.00,G,705
15864,"Sasha Kuhn",48092873,1,1,,4172.00,Main,1000.00,G,706
15865,"Trevor Bahringer",13,1,1,,6434.00,Main,1000.00,G,707
15866,"Dr. Alexandro Kerluke",7180911,1,1,,5921.00,Main,1000.00,G,708
15867,"Titus Bergnaum",6,1,1,,8393.00,Main,1000.00,G,709
15868,"Henry West",3805696,1,1,,9208.00,Main,1000.00,G,710
15869,"Elmo Wiegand",51696,1,1,,9275.00,Main,1000.00,G,711
15870,"Sophia Ferry",437,1,1,,8258.00,Main,1000.00,G,712
15871,"Mr. Ali Jast I",6876140,1,1,,6497.00,Main,1000.00,G,713
15872,"Isabel Rodriguez",696486865,1,1,,2076.00,Main,1000.00,G,714
15873,"Michel Hilpert",68218,1,1,,1765.00,Main,1000.00,G,715
15874,"Maudie Boyer IV",366966794,1,1,,8376.00,Main,1000.00,G,716
15875,"Thurman Weimann",529669882,1,1,,1308.00,Main,1000.00,G,717
15876,"Kaden Hane",21859499,1,1,,3333.00,Main,1000.00,G,718
15877,"Eva Herzog",526569,1,1,,7873.00,Main,1000.00,G,719
15878,"Ms. Delpha Parker",858281,1,1,,372.00,Main,1000.00,G,720
15879,"Dr. Marcelino White DVM",6685,1,1,,581.00,Main,1000.00,G,721
15880,"Prof. Leonor Ryan Sr.",9082,1,1,,2720.00,Main,1000.00,G,722
15881,"Mason Legros",764,1,1,,8892.00,Main,1000.00,G,723
15882,"Prof. Maximo Brakus",28499,1,1,,2433.00,Main,1000.00,G,724
15883,"Sibyl Volkman",6,1,1,,8751.00,Main,1000.00,G,725
15884,"Icie Buckridge",9796,1,1,,5880.00,Main,1000.00,G,726
15885,"Dr. Sylvan Gerlach II",69306,1,1,,865.00,Main,1000.00,G,727
15886,"Mallory Hettinger",87264874,1,1,,4555.00,Main,1000.00,G,728
15887,"Jackie Schuppe",83980,1,1,,8923.00,Main,1000.00,G,729
15888,"Dayne Crooks",250280299,1,1,,6936.00,Main,1000.00,G,730
15889,"Alize Russel",25524,1,1,,2556.00,Main,1000.00,G,731
15890,"Koby Stark",2318667,1,1,,3565.00,Main,1000.00,G,732
15891,"Ila Russel Jr.",8658,1,1,,6115.00,Main,1000.00,G,733
15892,"Prof. Connor Fahey PhD",39475075,1,1,,3245.00,Main,1000.00,G,734
15893,"Mrs. Onie Yundt",203582,1,1,,4880.00,Main,1000.00,G,735
15894,"Margaretta Wisoky MD",85,1,1,,4844.00,Main,1000.00,G,736
15895,"Tracy Watsica",2438135,1,1,,1729.00,Main,1000.00,G,737
15896,"Amina Nitzsche",918498497,1,1,,3498.00,Main,1000.00,G,738
15897,"Caesar Kuphal",73636,1,1,,2904.00,Main,1000.00,G,739
15898,"Bailee Schuppe MD",5330,1,1,,4141.00,Main,1000.00,G,740
15899,"Rosamond Greenfelder",83219,1,1,,1323.00,Main,1000.00,G,741
15900,"Ms. Ana Krajcik",5,1,1,,2023.00,Main,1000.00,G,742
15901,"Makenna Mayert",34,1,1,,4506.00,Main,1000.00,G,743
15902,"Dr. Tyrese O'Connell Sr.",387,1,1,,1494.00,Main,1000.00,G,744
15903,"Karli Streich",747,1,1,,95.00,Main,1000.00,G,745
15904,"Sidney Ryan",77567730,1,1,,3405.00,Main,1000.00,G,746
15905,"Miracle Bechtelar",41822,1,1,,9413.00,Main,1000.00,G,747
15906,"Owen Tremblay",853,1,1,,7211.00,Main,1000.00,G,748
15907,"Mr. Kendrick Dietrich PhD",4606125,1,1,,6944.00,Main,1000.00,G,749
15908,"Doyle Stoltenberg",16,1,1,,2209.00,Main,1000.00,G,750
15909,"Dr. Delbert Beer",0,1,1,,6627.00,Main,1000.00,G,751
15910,"Dr. Eleazar Braun DDS",208985408,1,1,,7532.00,Main,1000.00,G,752
15911,"Vidal Hoeger",59908,1,1,,6977.00,Main,1000.00,G,753
15912,"Velda Nader II",699,1,1,,7388.00,Main,1000.00,G,754
15913,"Jeramie Barton",41,1,1,,3114.00,Main,1000.00,G,755
15914,"Erna Kreiger",862,1,1,,156.00,Main,1000.00,G,756
15915,"Dr. Margarett Parker IV",48,1,1,,4502.00,Main,1000.00,G,757
15916,"Dr. Baby Muller III",9341784,1,1,,8566.00,Main,1000.00,G,758
15917,"Ms. Betty Buckridge DDS",343971,1,1,,7699.00,Main,1000.00,G,759
15918,"Hannah Kautzer MD",6,1,1,,1462.00,Main,1000.00,G,760
15919,"Itzel Bauch",924555703,1,1,,7529.00,Main,1000.00,G,761
15920,"Dr. Anais Nienow",57341,1,1,,8273.00,Main,1000.00,G,762
15921,"Courtney Farrell",122979,1,1,,3687.00,Main,1000.00,G,763
15922,"Elyse Kub",9,1,1,,5527.00,Main,1000.00,G,764
15923,"Margret Hayes Jr.",40,1,1,,8012.00,Main,1000.00,G,765
15924,"Ivy Hoppe",3,1,1,,5608.00,Main,1000.00,G,766
15925,"Mrs. Shakira Wuckert",608,1,1,,2076.00,Main,1000.00,G,767
15926,"Katheryn Spinka Jr.",72849,1,1,,696.00,Main,1000.00,G,768
15927,"Alan Eichmann",8,1,1,,1488.00,Main,1000.00,G,769
15928,"Clay Barton",5,1,1,,9055.00,Main,1000.00,G,770
15929,"Rosie Schmidt Jr.",77545,1,1,,4320.00,Main,1000.00,G,771
15930,"Jeanne Quigley",71507,1,1,,8359.00,Main,1000.00,G,772
15931,"Raymond Hammes I",461644225,1,1,,5095.00,Main,1000.00,G,773
15932,"Mr. Kaden Littel",853150741,1,1,,7972.00,Main,1000.00,G,774
15933,"Mr. Cecil Huel DDS",297906,1,1,,4561.00,Main,1000.00,G,775
15934,"Karina McDermott",846460,1,1,,3071.00,Main,1000.00,G,776
15935,"Braden Kertzmann",26634,1,1,,7242.00,Main,1000.00,G,777
15936,"Twila Champlin",3661288,1,1,,532.00,Main,1000.00,G,778
15937,"Prof. Favian Legros",35978915,1,1,,5953.00,Main,1000.00,G,779
15938,"Emie VonRueden",71567,1,1,,1738.00,Main,1000.00,G,780
15939,"Prof. Raoul Miller",516306,1,1,,3438.00,Main,1000.00,G,781
15940,"Prof. Raven Connelly DDS",8585,1,1,,1457.00,Main,1000.00,G,782
15941,"Breana Stoltenberg",594,1,1,,3038.00,Main,1000.00,G,783
15942,"Dr. Lindsey Hahn DDS",76,1,1,,8870.00,Main,1000.00,G,784
15943,"Kurt Schimmel",15779,1,1,,8290.00,Main,1000.00,G,785
15944,"Dr. Eliezer Nolan",6,1,1,,6744.00,Main,1000.00,G,786
15945,"Sanford Green",4769,1,1,,9264.00,Main,1000.00,G,787
15946,"Tremayne Swaniawski",733,1,1,,7270.00,Main,1000.00,G,788
15947,"Jordan Kohler",9256,1,1,,6148.00,Main,1000.00,G,789
15948,"Chad Pacocha",43663511,1,1,,1163.00,Main,1000.00,G,790
15949,"Miss Kenna Bailey",401,1,1,,2442.00,Main,1000.00,G,791
15950,"Ms. Matilde Zulauf II",3388,1,1,,4664.00,Main,1000.00,G,792
15951,"Lacy Heidenreich",11244168,1,1,,6183.00,Main,1000.00,G,793
15952,"Mr. Caesar VonRueden",28,1,1,,2900.00,Main,1000.00,G,794
15953,"Zechariah Hill",1,1,1,,2298.00,Main,1000.00,G,795
15954,"Devin White",3,1,1,,3426.00,Main,1000.00,G,796
15955,"Mr. Everett Lowe IV",813025542,1,1,,6122.00,Main,1000.00,G,797
15956,"Hattie Purdy",1966911,1,1,,7104.00,Main,1000.00,G,798
15957,"Isaiah Roob",4332,1,1,,3445.00,Main,1000.00,G,799
15958,"Jerry Nicolas III",86465753,1,1,,268.00,Main,1000.00,G,800
15959,"Dr. Neha Kautzer PhD",71,1,1,,9123.00,Main,1000.00,G,801
15960,"Johnathan Mann PhD",96,1,1,,2642.00,Main,1000.00,G,802
15961,"Destini Morissette",9624,1,1,,7355.00,Main,1000.00,G,803
15962,"Mrs. Linnie Pollich",330180638,1,1,,5210.00,Main,1000.00,G,804
15963,"Miss Angelita Wilkinson",6718215,1,1,,2232.00,Main,1000.00,G,805
15964,"Miss Carley Ziemann",315356,1,1,,1395.00,Main,1000.00,G,806
15965,"Evie Kemmer",63,1,1,,7675.00,Main,1000.00,G,807
15966,"Mr. Unique Tremblay",26405989,1,1,,1216.00,Main,1000.00,G,808
15967,"Shawna Swaniawski",720484,1,1,,454.00,Main,1000.00,G,809
15968,"Dr. Abbey Lindgren",326430,1,1,,1570.00,Main,1000.00,G,810
15969,"Dr. Valerie Beer Jr.",89475816,1,1,,4016.00,Main,1000.00,G,811
15970,"Prof. Rafael Kling",7946114,1,1,,1725.00,Main,1000.00,G,812
15971,"Brown Doyle",306,1,1,,9.00,Main,1000.00,G,813
15972,"Olen Marquardt",184102786,1,1,,6567.00,Main,1000.00,G,814
15973,"Cleveland Howe",7,1,1,,493.00,Main,1000.00,G,815
15974,"Hertha Zieme",3973,1,1,,23.00,Main,1000.00,G,816
15975,"Samanta Durgan",26401029,1,1,,5736.00,Main,1000.00,G,817
15976,"Augusta Schmitt",29083694,1,1,,3124.00,Main,1000.00,G,818
15977,"Elizabeth Lang",81383376,1,1,,8779.00,Main,1000.00,G,819
15978,"Augusta Jenkins Jr.",17,1,1,,27.00,Main,1000.00,G,820
15979,"Jasper Lakin",91015,1,1,,9146.00,Main,1000.00,G,821
15980,"Remington Beier",98,1,1,,2229.00,Main,1000.00,G,822
15981,"Ethelyn Glover",5796,1,1,,6994.00,Main,1000.00,G,823
15982,"Mr. Edgardo Hahn",20,1,1,,6770.00,Main,1000.00,G,824
15983,"Prof. Miles Haley Jr.",753660,1,1,,4653.00,Main,1000.00,G,825
15984,"Marlee Hackett",24221,1,1,,4440.00,Main,1000.00,G,826
15985,"Khalil Bogisich",873687,1,1,,322.00,Main,1000.00,G,827
15986,"Prof. Norene Shanahan IV",58436553,1,1,,703.00,Main,1000.00,G,828
15987,"Rollin Hermann I",3682,1,1,,2528.00,Main,1000.00,G,829
15988,"Prof. Murphy Senger",6,1,1,,5668.00,Main,1000.00,G,830
15989,"Mr. Nils Feil Jr.",27,1,1,,7206.00,Main,1000.00,G,831
15990,"Miss Lia Cormier IV",647435,1,1,,2643.00,Main,1000.00,G,832
15991,"Tyree Jast",619422,1,1,,4627.00,Main,1000.00,G,833
15992,"Dr. Raven Lubowitz",77,1,1,,5677.00,Main,1000.00,G,834
15993,"Glennie Conroy II",200031609,1,1,,3679.00,Main,1000.00,G,835
15994,"Dr. Werner Lang IV",9513,1,1,,2167.00,Main,1000.00,G,836
15995,"Grover O'Reilly",76919108,1,1,,5817.00,Main,1000.00,G,837
15996,"Terrence Schinner",4365546,1,1,,7592.00,Main,1000.00,G,838
15997,"Miss Ernestine Mraz II",47021,1,1,,4012.00,Main,1000.00,G,839
15998,"Fatima Friesen V",739,1,1,,9569.00,Main,1000.00,G,840
15999,"Braden Roberts",3,1,1,,4375.00,Main,1000.00,G,841
16000,"Prof. Eldridge Schamberger",68239,1,1,,5218.00,Main,1000.00,G,842
16001,"Abigayle Huel",1,1,1,,3225.00,Main,1000.00,G,843
16002,"Janessa Jenkins",9,1,1,,578.00,Main,1000.00,G,844
16003,"Josianne Williamson",231248108,1,1,,7147.00,Main,1000.00,G,845
16004,"Miss Nayeli Rolfson MD",4,1,1,,6835.00,Main,1000.00,G,846
16005,"Dr. Markus Effertz III",3,1,1,,5146.00,Main,1000.00,G,847
16006,"Cyrus Mertz",41550,1,1,,7830.00,Main,1000.00,G,848
16007,"Mrs. Agnes Schulist",364255,1,1,,5624.00,Main,1000.00,G,849
16008,"Isabella Goldner",901,1,1,,5335.00,Main,1000.00,G,850
16009,"Miss Blanche Powlowski",191552539,1,1,,4781.00,Main,1000.00,G,851
16010,"Zechariah Hills",302553,1,1,,2126.00,Main,1000.00,G,852
16011,"Prof. Isaias Bins IV",892731,1,1,,5524.00,Main,1000.00,G,853
16012,"Emilio Mayer",93,1,1,,16.00,Main,1000.00,G,854
16013,"Dr. Alanis Wyman",7,1,1,,6328.00,Main,1000.00,G,855
16014,"Vanessa Abernathy",34,1,1,,3664.00,Main,1000.00,G,856
16015,"Tyree Ondricka",65657,1,1,,5498.00,Main,1000.00,G,857
16016,"Victor Langosh",9994,1,1,,7948.00,Main,1000.00,G,858
16017,"Sydnee Nienow",76809649,1,1,,4763.00,Main,1000.00,G,859
16018,"Dr. Kenneth Mueller",898434,1,1,,2101.00,Main,1000.00,G,860
16019,"Prof. Einar Hermiston",529,1,1,,2674.00,Main,1000.00,G,861
16020,"Esteban Russel",966691444,1,1,,2780.00,Main,1000.00,G,862
16021,"Dr. Dudley Cruickshank",356105137,1,1,,8190.00,Main,1000.00,G,863
16022,"Orland Graham DVM",791979,1,1,,7853.00,Main,1000.00,G,864
16023,"Prof. Kaleigh Hettinger",1365723,1,1,,1831.00,Main,1000.00,G,865
16024,"Laury Koss",812539397,1,1,,6981.00,Main,1000.00,G,866
16025,"Mr. Wilfred Streich I",772,1,1,,1670.00,Main,1000.00,G,867
16026,"Jon Ruecker",7,1,1,,356.00,Main,1000.00,G,868
16027,"Kamille Homenick DVM",9260,1,1,,6578.00,Main,1000.00,G,869
16028,"Delia McClure",553,1,1,,8937.00,Main,1000.00,G,870
16029,"Edmond Feil",54978119,1,1,,658.00,Main,1000.00,G,871
16030,"Mr. Roman Gerlach IV",8,1,1,,5844.00,Main,1000.00,G,872
16031,"Carlee Olson",11497390,1,1,,4388.00,Main,1000.00,G,873
16032,"Prof. Ottis Daniel",47,1,1,,1212.00,Main,1000.00,G,874
16033,"Ms. Shaniya Emmerich MD",404415,1,1,,4152.00,Main,1000.00,G,875
16034,"Bertram Botsford",5587935,1,1,,7338.00,Main,1000.00,G,876
16035,"Wilfredo Kuhic",27525118,1,1,,9160.00,Main,1000.00,G,877
16036,"Caleigh Spencer",4205930,1,1,,5487.00,Main,1000.00,G,878
16037,"Mrs. Roberta Abernathy",21959865,1,1,,4320.00,Main,1000.00,G,879
16038,"Judson Miller",5551,1,1,,4895.00,Main,1000.00,G,880
16039,"Era Krajcik",712978885,1,1,,8460.00,Main,1000.00,G,881
16040,"Dr. Garth Johnston",4787,1,1,,8191.00,Main,1000.00,G,882
16041,"Pedro Orn V",1310839,1,1,,9928.00,Main,1000.00,G,883
16042,"Mr. Oda Terry IV",339987063,1,1,,6887.00,Main,1000.00,G,884
16043,"Miss Marianna Breitenberg",11354,1,1,,4353.00,Main,1000.00,G,885
16044,"Royce Jacobs",40,1,1,,6569.00,Main,1000.00,G,886
16045,"Ms. Dayna Hessel V",1005,1,1,,9003.00,Main,1000.00,G,887
16046,"Wilber Friesen",46339,1,1,,7396.00,Main,1000.00,G,888
16047,"Jewell Krajcik",3779,1,1,,2837.00,Main,1000.00,G,889
16048,"Hanna Conn",6,1,1,,8003.00,Main,1000.00,G,890
16049,"Casper McGlynn",64498,1,1,,9331.00,Main,1000.00,G,891
16050,"Dr. Hilma Borer Jr.",29174,1,1,,3345.00,Main,1000.00,G,892
16051,"Anya Lemke DDS",89850,1,1,,393.00,Main,1000.00,G,893
16052,"Emerson Schoen",686854,1,1,,9375.00,Main,1000.00,G,894
16053,"Eldridge Kihn",685,1,1,,2348.00,Main,1000.00,G,895
16054,"Kylee Mayer",5798903,1,1,,4880.00,Main,1000.00,G,896
16055,"Madelyn Mayert",39,1,1,,6870.00,Main,1000.00,G,897
16056,"Stephan Keebler MD",5537649,1,1,,4934.00,Main,1000.00,G,898
16057,"Mr. Wade Cummerata I",33574095,1,1,,3762.00,Main,1000.00,G,899
16058,"Bria Walsh",546189110,1,1,,3212.00,Main,1000.00,G,900
16059,"Bertha Watsica II",5432222,1,1,,3574.00,Main,1000.00,G,901
16060,"Myron Ledner V",13858202,1,1,,9097.00,Main,1000.00,G,902
16061,"Mr. Jamison Swaniawski",11729588,1,1,,1551.00,Main,1000.00,G,903
16062,"Mrs. Kayla Connelly DVM",613,1,1,,8139.00,Main,1000.00,G,904
16063,"Alexanne Hoppe",385949144,1,1,,7703.00,Main,1000.00,G,905
16064,"Mrs. Kavon Stanton",8491,1,1,,7222.00,Main,1000.00,G,906
16065,"Lon Rohan DDS",60,1,1,,4124.00,Main,1000.00,G,907
16066,"Gage Denesik",65,1,1,,8230.00,Main,1000.00,G,908
16067,"Prof. Dylan Lubowitz",277177,1,1,,3191.00,Main,1000.00,G,909
16068,"Prof. Beth Greenholt",64,1,1,,8831.00,Main,1000.00,G,910
16069,"Dr. Isabella Heidenreich",69621618,1,1,,9139.00,Main,1000.00,G,911
16070,"Skyla Nicolas",59041658,1,1,,1316.00,Main,1000.00,G,912
16071,"Rosamond Braun Jr.",12,1,1,,3386.00,Main,1000.00,G,913
16072,"Mr. Nestor Nolan",453,1,1,,1781.00,Main,1000.00,G,914
16073,"Miss Darby Prosacco DDS",1658,1,1,,7060.00,Main,1000.00,G,915
16074,"Wilfred Baumbach",46732033,1,1,,7198.00,Main,1000.00,G,916
16075,"Taya Rogahn",883704,1,1,,3631.00,Main,1000.00,G,917
16076,"Callie Gislason",40068615,1,1,,4904.00,Main,1000.00,G,918
16077,"Prof. Selmer Ryan",380,1,1,,3265.00,Main,1000.00,G,919
16078,"Cali Corwin",1612327,1,1,,1468.00,Main,1000.00,G,920
16079,"Prof. Franz Parisian",7731,1,1,,6316.00,Main,1000.00,G,921
16080,"Mohamed Schmidt",75275,1,1,,3349.00,Main,1000.00,G,922
16081,"Mrs. Janiya Ebert II",912822,1,1,,2819.00,Main,1000.00,G,923
16082,"Nestor Lind",1,1,1,,6391.00,Main,1000.00,G,924
16083,"Gail Walter III",3808360,1,1,,1196.00,Main,1000.00,G,925
16084,"Prof. Ambrose Corwin",925561072,1,1,,3529.00,Main,1000.00,G,926
16085,"Dr. Mya Brown",5,1,1,,3764.00,Main,1000.00,G,927
16086,"Prof. Jaclyn Tromp",3650,1,1,,1416.00,Main,1000.00,G,928
16087,"Ken Parisian",681432,1,1,,2598.00,Main,1000.00,G,929
16088,"Alana Kihn II",9138864,1,1,,3270.00,Main,1000.00,G,930
16089,"Arno Bednar",734146,1,1,,7068.00,Main,1000.00,G,931
16090,"Jacquelyn Fadel",14695532,1,1,,3257.00,Main,1000.00,G,932
16091,"Zachariah Harris",847501981,1,1,,2500.00,Main,1000.00,G,933
16092,"Chandler Pfannerstill Jr.",11,1,1,,3382.00,Main,1000.00,G,934
16093,"Gwen Marquardt",1774,1,1,,8480.00,Main,1000.00,G,935
16094,"Alfred Gerhold",965597,1,1,,2736.00,Main,1000.00,G,936
16095,"Prof. Elda Hyatt III",39301831,1,1,,5395.00,Main,1000.00,G,937
16096,"Dr. Gregory Rice PhD",67265303,1,1,,452.00,Main,1000.00,G,938
16097,"Ali Lind",9,1,1,,2634.00,Main,1000.00,G,939
16098,"Kirstin Abernathy",8486,1,1,,354.00,Main,1000.00,G,940
16099,"Kobe Orn",4,1,1,,9766.00,Main,1000.00,G,941
16100,"Serena Grimes",729645491,1,1,,306.00,Main,1000.00,G,942
16101,"Liam Spencer",430521,1,1,,3931.00,Main,1000.00,G,943
16102,"Mr. Gene Herzog",791380,1,1,,6118.00,Main,1000.00,G,944
16103,"Avis Bergstrom",80962855,1,1,,5088.00,Main,1000.00,G,945
16104,"Wilfredo Streich",570131880,1,1,,3008.00,Main,1000.00,G,946
16105,"Orland Hayes",1,1,1,,5834.00,Main,1000.00,G,947
16106,"Bethel Lockman",4355,1,1,,9740.00,Main,1000.00,G,948
16107,"Domenica Sawayn",294621216,1,1,,60.00,Main,1000.00,G,949
16108,"Elyssa Hand",978787,1,1,,4297.00,Main,1000.00,G,950
16109,"Vern Gulgowski",6,1,1,,6781.00,Main,1000.00,G,951
16110,"Letitia Yundt",625460242,1,1,,974.00,Main,1000.00,G,952
16111,"Mohammed Lueilwitz",309009,1,1,,3244.00,Main,1000.00,G,953
16112,"Darian McClure Jr.",48,1,1,,9956.00,Main,1000.00,G,954
16113,"Maudie Wisoky V",3,1,1,,4408.00,Main,1000.00,G,955
16114,"Guy McDermott",85,1,1,,2093.00,Main,1000.00,G,956
16115,"Dr. Precious Bergnaum DVM",557794749,1,1,,229.00,Main,1000.00,G,957
16116,"Moriah Conn Sr.",4716,1,1,,589.00,Main,1000.00,G,958
16117,"Jacey Nitzsche",125,1,1,,3752.00,Main,1000.00,G,959
16118,"Prof. Jade Cassin I",776047245,1,1,,8514.00,Main,1000.00,G,960
16119,"Evangeline Veum",5169000,1,1,,3184.00,Main,1000.00,G,961
16120,"Dr. Adonis Kemmer",76907,1,1,,7532.00,Main,1000.00,G,962
16121,"Jessica Denesik MD",6283025,1,1,,4385.00,Main,1000.00,G,963
16122,"Sterling Becker",369154001,1,1,,1988.00,Main,1000.00,G,964
16123,"Dr. Velva Kunze II",282289010,1,1,,7599.00,Main,1000.00,G,965
16124,"Mr. Oliver Durgan",2309947,1,1,,9918.00,Main,1000.00,G,966
16125,"Prof. Darrion Windler",39469193,1,1,,5860.00,Main,1000.00,G,967
16126,"Aleen Cronin",543,1,1,,8162.00,Main,1000.00,G,968
16127,"Miss Helene Kihn",288,1,1,,2256.00,Main,1000.00,G,969
16128,"Leatha Gutmann",82,1,1,,5458.00,Main,1000.00,G,970
16129,"Tremayne Daniel",57199,1,1,,7281.00,Main,1000.00,G,971
16130,"Dawson McGlynn",98816423,1,1,,8218.00,Main,1000.00,G,972
16131,"Dr. Carlos Goyette V",5547,1,1,,4857.00,Main,1000.00,G,973
16132,"Mr. Finn Goodwin Jr.",45,1,1,,1119.00,Main,1000.00,G,974
16133,"Estel Langosh",7,1,1,,5516.00,Main,1000.00,G,975
16134,"Santa Johnson",86,1,1,,4785.00,Main,1000.00,G,976
16135,"Miss Kaylee Kuhlman III",2,1,1,,1549.00,Main,1000.00,G,977
16136,"Prof. Keven Hartmann DDS",15240069,1,1,,7724.00,Main,1000.00,G,978
16137,"Arnoldo Macejkovic",13796895,1,1,,3659.00,Main,1000.00,G,979
16138,"Enid Sawayn",8550726,1,1,,3263.00,Main,1000.00,G,980
16139,"Efren Hilpert",517926,1,1,,730.00,Main,1000.00,G,981
16140,"Eda Jast",2,1,1,,4361.00,Main,1000.00,G,982
16141,"Prof. Chelsey Osinski II",241920335,1,1,,5910.00,Main,1000.00,G,983
16142,"Christophe Gottlieb",62986331,1,1,,8960.00,Main,1000.00,G,984
16143,"Kasandra Ebert",59766,1,1,,1854.00,Main,1000.00,G,985
16144,"Irma Keeling",1553772,1,1,,3979.00,Main,1000.00,G,986
16145,"Edgar Leffler",7561480,1,1,,4671.00,Main,1000.00,G,987
16146,"Samir Ankunding",7571248,1,1,,4971.00,Main,1000.00,G,988
16147,"Mr. Ola Funk MD",59,1,1,,22.00,Main,1000.00,G,989
16148,"Sophie Tillman",267255568,1,1,,3614.00,Main,1000.00,G,990
16149,"Ansel Koss",7314950,1,1,,5940.00,Main,1000.00,G,991
16150,"Dr. Malinda Weimann",563,1,1,,6673.00,Main,1000.00,G,992
16151,"Conor Jacobi",33,1,1,,3522.00,Main,1000.00,G,993
16152,"Bulah Green Sr.",23269854,1,1,,8288.00,Main,1000.00,G,994
16153,"Christa Rempel",2707,1,1,,2613.00,Main,1000.00,G,995
16154,"Sven Rath",662979,1,1,,7423.00,Main,1000.00,G,996
16155,"Wanda Fadel",521103,1,1,,743.00,Main,1000.00,G,997
16156,"Mr. Wiley Mohr",654,1,1,,9439.00,Main,1000.00,G,998
16157,"Ladarius Becker",3816643217,1,1,1600.00,1636.00,Main,1000.00,Unit,999
16158,"Mrs. Karine Howell",784,1,1,,8117.00,Main,1000.00,G,1000
16159,cake,996418809,1,1,100.00,105.00,Main,1000.00,Unit,
16160,biscuit,4607700188,1,1,95.00,110.00,Main,1000.00,Unit,
16161,"Lemon tiki",1009896921,1,1,98.00,105.00,Main,1000.00,Unit,
16162,"Lemon sandwich biscuit HR",8965320014989,1,1,90.00,96.00,Main,1000.00,Unit,
